----------------------------------- 더미데이터 -----------------------------------
-------------------------------------- JOB -------------------------------------

INSERT INTO JOB (JOB_CODE, JOB_NAME)
VALUES ('J1', '사장');

INSERT INTO JOB (JOB_CODE, JOB_NAME)
VALUES ('J2', '부장');

INSERT INTO JOB (JOB_CODE, JOB_NAME)
VALUES ('J3', '차장');

INSERT INTO JOB (JOB_CODE, JOB_NAME)
VALUES ('J4', '과장');

INSERT INTO JOB (JOB_CODE, JOB_NAME)
VALUES ('J5', '대리');

INSERT INTO JOB (JOB_CODE, JOB_NAME)
VALUES ('J6', '사원');

INSERT INTO JOB (JOB_CODE, JOB_NAME)
VALUES ('J7', '강사');

INSERT INTO JOB (JOB_CODE, JOB_NAME)
VALUES ('J0', '병아리');

---------------------------------- DEPARTMENT ----------------------------------
INSERT INTO DEPARTMENT (DEPT_CODE, DEPT_NAME)
VALUES ('D1', '영업팀');

INSERT INTO DEPARTMENT (DEPT_CODE, DEPT_NAME)
VALUES ('D2', '회계팀');

INSERT INTO DEPARTMENT (DEPT_CODE, DEPT_NAME)
VALUES ('D3', '총무팀');

INSERT INTO DEPARTMENT (DEPT_CODE, DEPT_NAME)
VALUES ('D4', '인사팀');

INSERT INTO DEPARTMENT (DEPT_CODE, DEPT_NAME)
VALUES ('D5', '강사팀');

----------------------------------- EMPLOYEE -----------------------------------

-- 사장 이면서 강사 비번 : boss
INSERT INTO EMPLOYEE (EMP_NO, EMP_NAME, EMP_EMAIL, EMP_PWD, EMP_PHONE, EMP_AGE, EMP_GENDER, EMP_STATUS, JOB_CODE, DEPT_CODE)
VALUES (SEQ_ENO.NEXTVAL,'최지원','boss@gmail.com','$2a$10$nnbueswddhTrae0XVnx54OKKPUKw7HukYOYa8glMA/5Ev/vs35ZYq','01041256888',TO_DATE('75/08/23','RRRR-MM-DD'),'남자',1,'J7', 'D5');
--행 1 비번 : emp01
INSERT INTO EMPLOYEE (EMP_NO, EMP_NAME, EMP_EMAIL, EMP_PWD, EMP_PHONE, EMP_AGE, EMP_GENDER, EMP_STATUS, JOB_CODE, DEPT_CODE)
VALUES (SEQ_ENO.NEXTVAL,'김가나','user01@gmail.com','$2a$10$a/2D1728oOzp9Iinbzrp..Nx1NiItGvFT.Wv/Ms4.MB5VW7A9/UC2','01030775459',TO_DATE('70/01/23', 'RRRR-MM-DD'),'남자',1,'J2','D1');
--행 2
INSERT INTO EMPLOYEE (EMP_NO, EMP_NAME, EMP_EMAIL, EMP_PWD, EMP_PHONE, EMP_AGE, EMP_GENDER, EMP_STATUS, JOB_CODE, DEPT_CODE)
VALUES (SEQ_ENO.NEXTVAL,'하준민','emp02@gmail.com','emp02','01078191916',to_date('09/04/1998', 'MM-DD-RRRR'),'남자',1,'J3','D1');
--행 3
INSERT INTO EMPLOYEE (EMP_NO, EMP_NAME, EMP_EMAIL, EMP_PWD, EMP_PHONE, EMP_AGE, EMP_GENDER, EMP_STATUS, JOB_CODE, DEPT_CODE)
VALUES (SEQ_ENO.NEXTVAL,'허준우','emp03@gmail.com','emp03','0100411345',to_date('08/23/1971', 'MM-DD-RRRR'),'남자',1,'J3','D1');
--행 4
INSERT INTO EMPLOYEE (EMP_NO, EMP_NAME, EMP_EMAIL, EMP_PWD, EMP_PHONE, EMP_AGE, EMP_GENDER, EMP_STATUS, JOB_CODE, DEPT_CODE)
VALUES (SEQ_ENO.NEXTVAL,'홍상우','emp04@gmail.com','emp04','01065318386',to_date('01/09/1986', 'MM-DD-RRRR'),'남자',1,'J4','D1');
--행 5
INSERT INTO EMPLOYEE (EMP_NO, EMP_NAME, EMP_EMAIL, EMP_PWD, EMP_PHONE, EMP_AGE, EMP_GENDER, EMP_STATUS, JOB_CODE, DEPT_CODE)
VALUES (SEQ_ENO.NEXTVAL,'배종철','emp05@gmail.com','emp05','01021829638',to_date('10/30/1986', 'MM-DD-RRRR'),'남자',1,'J4','D1');
--행 6
INSERT INTO EMPLOYEE (EMP_NO, EMP_NAME, EMP_EMAIL, EMP_PWD, EMP_PHONE, EMP_AGE, EMP_GENDER, EMP_STATUS, JOB_CODE, DEPT_CODE)
VALUES (SEQ_ENO.NEXTVAL,'류은기','emp06@gmail.com','emp06','01020420932',to_date('11/07/1987', 'MM-DD-RRRR'),'남자',1,'J5','D1');
--행 7
INSERT INTO EMPLOYEE (EMP_NO, EMP_NAME, EMP_EMAIL, EMP_PWD, EMP_PHONE, EMP_AGE, EMP_GENDER, EMP_STATUS, JOB_CODE, DEPT_CODE)
VALUES (SEQ_ENO.NEXTVAL,'공수진','emp07@gmail.com','emp07','01087224856',to_date('11/25/1988', 'MM-DD-RRRR'),'여자',1,'J5','D1');
--행 8
INSERT INTO EMPLOYEE (EMP_NO, EMP_NAME, EMP_EMAIL, EMP_PWD, EMP_PHONE, EMP_AGE, EMP_GENDER, EMP_STATUS, JOB_CODE, DEPT_CODE)
VALUES (SEQ_ENO.NEXTVAL,'신윤지','emp08@gmail.com','emp08','01094387569',to_date('08/15/1973', 'MM-DD-RRRR'),'여자',1,'J5','D1');
--행 9
INSERT INTO EMPLOYEE (EMP_NO, EMP_NAME, EMP_EMAIL, EMP_PWD, EMP_PHONE, EMP_AGE, EMP_GENDER, EMP_STATUS, JOB_CODE, DEPT_CODE)
VALUES (SEQ_ENO.NEXTVAL,'문도훈','emp09@gmail.com','emp09','01023306459',to_date('10/01/1982', 'MM-DD-RRRR'),'남자',1,'J6','D1');
--행 10
INSERT INTO EMPLOYEE (EMP_NO, EMP_NAME, EMP_EMAIL, EMP_PWD, EMP_PHONE, EMP_AGE, EMP_GENDER, EMP_STATUS, JOB_CODE, DEPT_CODE)
VALUES (SEQ_ENO.NEXTVAL,'정채영','emp10@gmail.com','emp10','01042770493',to_date('01/27/1971', 'MM-DD-RRRR'),'여자',1,'J6','D1');
--행 11
INSERT INTO EMPLOYEE (EMP_NO, EMP_NAME, EMP_EMAIL, EMP_PWD, EMP_PHONE, EMP_AGE, EMP_GENDER, EMP_STATUS, JOB_CODE, DEPT_CODE)
VALUES (SEQ_ENO.NEXTVAL,'예태영','emp11@gmail.com','emp11','01008971315',to_date('02/10/1974', 'MM-DD-RRRR'),'여자',1,'J6','D1');
--행 12
INSERT INTO EMPLOYEE (EMP_NO, EMP_NAME, EMP_EMAIL, EMP_PWD, EMP_PHONE, EMP_AGE, EMP_GENDER, EMP_STATUS, JOB_CODE, DEPT_CODE)
VALUES (SEQ_ENO.NEXTVAL,'심시윤','emp12@gmail.com','emp12','01059112192',to_date('01/08/1978', 'MM-DD-RRRR'),'여자',1,'J2','D2');
--행 13
INSERT INTO EMPLOYEE (EMP_NO, EMP_NAME, EMP_EMAIL, EMP_PWD, EMP_PHONE, EMP_AGE, EMP_GENDER, EMP_STATUS, JOB_CODE, DEPT_CODE)
VALUES (SEQ_ENO.NEXTVAL,'배민용','emp13@gmail.com','emp13','01040047465',to_date('05/28/1998', 'MM-DD-RRRR'),'남자',1,'J3','D2');
--행 14
INSERT INTO EMPLOYEE (EMP_NO, EMP_NAME, EMP_EMAIL, EMP_PWD, EMP_PHONE, EMP_AGE, EMP_GENDER, EMP_STATUS, JOB_CODE, DEPT_CODE)
VALUES (SEQ_ENO.NEXTVAL,'배주호','emp14@gmail.com','emp14','01032653441',to_date('08/16/1989', 'MM-DD-RRRR'),'남자',1,'J3','D2');
--행 15
INSERT INTO EMPLOYEE (EMP_NO, EMP_NAME, EMP_EMAIL, EMP_PWD, EMP_PHONE, EMP_AGE, EMP_GENDER, EMP_STATUS, JOB_CODE, DEPT_CODE)
VALUES (SEQ_ENO.NEXTVAL,'조동현','emp15@gmail.com','emp15','01082098901',to_date('12/08/1977', 'MM-DD-RRRR'),'남자',1,'J4','D2');
--행 16
INSERT INTO EMPLOYEE (EMP_NO, EMP_NAME, EMP_EMAIL, EMP_PWD, EMP_PHONE, EMP_AGE, EMP_GENDER, EMP_STATUS, JOB_CODE, DEPT_CODE)
VALUES (SEQ_ENO.NEXTVAL,'심홍준','emp16@gmail.com','emp16','01029443458',to_date('03/11/1987', 'MM-DD-RRRR'),'남자',1,'J4','D2');
--행 17
INSERT INTO EMPLOYEE (EMP_NO, EMP_NAME, EMP_EMAIL, EMP_PWD, EMP_PHONE, EMP_AGE, EMP_GENDER, EMP_STATUS, JOB_CODE, DEPT_CODE)
VALUES (SEQ_ENO.NEXTVAL,'류태훈','emp17@gmail.com','emp17','01094698953',to_date('04/28/1978', 'MM-DD-RRRR'),'남자',1,'J5','D2');
--행 18
INSERT INTO EMPLOYEE (EMP_NO, EMP_NAME, EMP_EMAIL, EMP_PWD, EMP_PHONE, EMP_AGE, EMP_GENDER, EMP_STATUS, JOB_CODE, DEPT_CODE)
VALUES (SEQ_ENO.NEXTVAL,'장시윤','emp18@gmail.com','emp18','01007456665',to_date('06/21/1993', 'MM-DD-RRRR'),'여자',1,'J5','D2');
--행 19
INSERT INTO EMPLOYEE (EMP_NO, EMP_NAME, EMP_EMAIL, EMP_PWD, EMP_PHONE, EMP_AGE, EMP_GENDER, EMP_STATUS, JOB_CODE, DEPT_CODE)
VALUES (SEQ_ENO.NEXTVAL,'정동민','emp19@gmail.com','emp19','01056589524',to_date('03/05/1977', 'MM-DD-RRRR'),'남자',1,'J5','D2');
--행 20
INSERT INTO EMPLOYEE (EMP_NO, EMP_NAME, EMP_EMAIL, EMP_PWD, EMP_PHONE, EMP_AGE, EMP_GENDER, EMP_STATUS, JOB_CODE, DEPT_CODE)
VALUES (SEQ_ENO.NEXTVAL,'양기연','emp20@gmail.com','emp20','01069789258',to_date('09/28/1997', 'MM-DD-RRRR'),'여자',1,'J6','D2');
--행 21
INSERT INTO EMPLOYEE (EMP_NO, EMP_NAME, EMP_EMAIL, EMP_PWD, EMP_PHONE, EMP_AGE, EMP_GENDER, EMP_STATUS, JOB_CODE, DEPT_CODE)
VALUES (SEQ_ENO.NEXTVAL,'전연수','emp21@gmail.com','emp21','01014269517',to_date('12/30/1973', 'MM-DD-RRRR'),'여자',1,'J6','D2');
--행 22
INSERT INTO EMPLOYEE (EMP_NO, EMP_NAME, EMP_EMAIL, EMP_PWD, EMP_PHONE, EMP_AGE, EMP_GENDER, EMP_STATUS, JOB_CODE, DEPT_CODE)
VALUES (SEQ_ENO.NEXTVAL,'공민수','emp22@gmail.com','emp22','01064114368',to_date('12/07/1970', 'MM-DD-RRRR'),'남자',1,'J6','D2');
--행 23
INSERT INTO EMPLOYEE (EMP_NO, EMP_NAME, EMP_EMAIL, EMP_PWD, EMP_PHONE, EMP_AGE, EMP_GENDER, EMP_STATUS, JOB_CODE, DEPT_CODE)
VALUES (SEQ_ENO.NEXTVAL,'백정식','emp23@gmail.com','emp23','01008552519',to_date('12/03/1982', 'MM-DD-RRRR'),'남자',1,'J2','D3');
--행 24
INSERT INTO EMPLOYEE (EMP_NO, EMP_NAME, EMP_EMAIL, EMP_PWD, EMP_PHONE, EMP_AGE, EMP_GENDER, EMP_STATUS, JOB_CODE, DEPT_CODE)
VALUES (SEQ_ENO.NEXTVAL,'서우현','emp24@gmail.com','emp24','01068779195',to_date('09/26/1975', 'MM-DD-RRRR'),'여자',1,'J3','D3');
--행 25
INSERT INTO EMPLOYEE (EMP_NO, EMP_NAME, EMP_EMAIL, EMP_PWD, EMP_PHONE, EMP_AGE, EMP_GENDER, EMP_STATUS, JOB_CODE, DEPT_CODE)
VALUES (SEQ_ENO.NEXTVAL,'제갈신영','emp25@gmail.com','emp25','01057964485',to_date('10/21/1987', 'MM-DD-RRRR'),'여자',1,'J3','D3');
--행 26
INSERT INTO EMPLOYEE (EMP_NO, EMP_NAME, EMP_EMAIL, EMP_PWD, EMP_PHONE, EMP_AGE, EMP_GENDER, EMP_STATUS, JOB_CODE, DEPT_CODE)
VALUES (SEQ_ENO.NEXTVAL,'오경호','emp26@gmail.com','emp26','01022672528',to_date('11/08/1995', 'MM-DD-RRRR'),'남자',1,'J4','D3');
--행 27
INSERT INTO EMPLOYEE (EMP_NO, EMP_NAME, EMP_EMAIL, EMP_PWD, EMP_PHONE, EMP_AGE, EMP_GENDER, EMP_STATUS, JOB_CODE, DEPT_CODE)
VALUES (SEQ_ENO.NEXTVAL,'양창희','emp27@gmail.com','emp27','01079796573',to_date('01/01/1980', 'MM-DD-RRRR'),'남자',1,'J4','D3');
--행 28
INSERT INTO EMPLOYEE (EMP_NO, EMP_NAME, EMP_EMAIL, EMP_PWD, EMP_PHONE, EMP_AGE, EMP_GENDER, EMP_STATUS, JOB_CODE, DEPT_CODE)
VALUES (SEQ_ENO.NEXTVAL,'이주윤','emp28@gmail.com','emp28','01092008894',to_date('10/13/1970', 'MM-DD-RRRR'),'여자',1,'J5','D3');
--행 29
INSERT INTO EMPLOYEE (EMP_NO, EMP_NAME, EMP_EMAIL, EMP_PWD, EMP_PHONE, EMP_AGE, EMP_GENDER, EMP_STATUS, JOB_CODE, DEPT_CODE)
VALUES (SEQ_ENO.NEXTVAL,'정나길','emp29@gmail.com','emp29','01033825092',to_date('01/25/1989', 'MM-DD-RRRR'),'여자',1,'J5','D3');
--행 30
INSERT INTO EMPLOYEE (EMP_NO, EMP_NAME, EMP_EMAIL, EMP_PWD, EMP_PHONE, EMP_AGE, EMP_GENDER, EMP_STATUS, JOB_CODE, DEPT_CODE)
VALUES (SEQ_ENO.NEXTVAL,'전도원','emp30@gmail.com','emp30','01044022091',to_date('03/08/1994', 'MM-DD-RRRR'),'남자',1,'J5','D3');
--행 31
INSERT INTO EMPLOYEE (EMP_NO, EMP_NAME, EMP_EMAIL, EMP_PWD, EMP_PHONE, EMP_AGE, EMP_GENDER, EMP_STATUS, JOB_CODE, DEPT_CODE)
VALUES (SEQ_ENO.NEXTVAL,'오원용','emp31@gmail.com','emp31','01071283231',to_date('09/10/1978', 'MM-DD-RRRR'),'남자',1,'J6','D3');
--행 32
INSERT INTO EMPLOYEE (EMP_NO, EMP_NAME, EMP_EMAIL, EMP_PWD, EMP_PHONE, EMP_AGE, EMP_GENDER, EMP_STATUS, JOB_CODE, DEPT_CODE)
VALUES (SEQ_ENO.NEXTVAL,'문신혜','emp32@gmail.com','emp32','01025487175',to_date('07/02/1993', 'MM-DD-RRRR'),'여자',2,'J6','D3');
--행 33
INSERT INTO EMPLOYEE (EMP_NO, EMP_NAME, EMP_EMAIL, EMP_PWD, EMP_PHONE, EMP_AGE, EMP_GENDER, EMP_STATUS, JOB_CODE, DEPT_CODE)
VALUES (SEQ_ENO.NEXTVAL,'심승우','emp33@gmail.com','emp33','010698309',to_date('12/24/1980', 'MM-DD-RRRR'),'남자',2,'J6','D3');
--행 34
INSERT INTO EMPLOYEE (EMP_NO, EMP_NAME, EMP_EMAIL, EMP_PWD, EMP_PHONE, EMP_AGE, EMP_GENDER, EMP_STATUS, JOB_CODE, DEPT_CODE)
VALUES (SEQ_ENO.NEXTVAL,'정상민','emp34@gmail.com','emp34','01031428657',to_date('08/12/1981', 'MM-DD-RRRR'),'남자',2,'J2','D4');
--행 35
INSERT INTO EMPLOYEE (EMP_NO, EMP_NAME, EMP_EMAIL, EMP_PWD, EMP_PHONE, EMP_AGE, EMP_GENDER, EMP_STATUS, JOB_CODE, DEPT_CODE)
VALUES (SEQ_ENO.NEXTVAL,'추서진','emp35@gmail.com','emp35','01080153792',to_date('07/24/1986', 'MM-DD-RRRR'),'여자',2,'J3','D4');
--행 36
INSERT INTO EMPLOYEE (EMP_NO, EMP_NAME, EMP_EMAIL, EMP_PWD, EMP_PHONE, EMP_AGE, EMP_GENDER, EMP_STATUS, JOB_CODE, DEPT_CODE)
VALUES (SEQ_ENO.NEXTVAL,'백도훈','emp36@gmail.com','emp36','0101095683',to_date('09/11/1987', 'MM-DD-RRRR'),'남자',2,'J3','D4');
--행 37
INSERT INTO EMPLOYEE (EMP_NO, EMP_NAME, EMP_EMAIL, EMP_PWD, EMP_PHONE, EMP_AGE, EMP_GENDER, EMP_STATUS, JOB_CODE, DEPT_CODE)
VALUES (SEQ_ENO.NEXTVAL,'복광현','emp37@gmail.com','emp37','01030003155',to_date('04/12/1986', 'MM-DD-RRRR'),'남자',2,'J4','D4');
--행 38
INSERT INTO EMPLOYEE (EMP_NO, EMP_NAME, EMP_EMAIL, EMP_PWD, EMP_PHONE, EMP_AGE, EMP_GENDER, EMP_STATUS, JOB_CODE, DEPT_CODE)
VALUES (SEQ_ENO.NEXTVAL,'오정욱','emp38@gmail.com','emp38','01010718824',to_date('03/22/1994', 'MM-DD-RRRR'),'여자',2,'J4','D4');
--행 39
INSERT INTO EMPLOYEE (EMP_NO, EMP_NAME, EMP_EMAIL, EMP_PWD, EMP_PHONE, EMP_AGE, EMP_GENDER, EMP_STATUS, JOB_CODE, DEPT_CODE)
VALUES (SEQ_ENO.NEXTVAL,'배성태','emp39@gmail.com','emp39','0109444544',to_date('10/17/1973', 'MM-DD-RRRR'),'여자',2,'J5','D4');
--행 40
INSERT INTO EMPLOYEE (EMP_NO, EMP_NAME, EMP_EMAIL, EMP_PWD, EMP_PHONE, EMP_AGE, EMP_GENDER, EMP_STATUS, JOB_CODE, DEPT_CODE)
VALUES (SEQ_ENO.NEXTVAL,'정민태','emp40@gmail.com','emp40','01024127128',to_date('12/08/1995', 'MM-DD-RRRR'),'남자',2,'J5','D4');
--행 41
INSERT INTO EMPLOYEE (EMP_NO, EMP_NAME, EMP_EMAIL, EMP_PWD, EMP_PHONE, EMP_AGE, EMP_GENDER, EMP_STATUS, JOB_CODE, DEPT_CODE)
VALUES (SEQ_ENO.NEXTVAL,'남세빈','emp41@gmail.com','emp41','01030106791',to_date('05/03/1974', 'MM-DD-RRRR'),'여자',2,'J5','D4');
--행 42
INSERT INTO EMPLOYEE (EMP_NO, EMP_NAME, EMP_EMAIL, EMP_PWD, EMP_PHONE, EMP_AGE, EMP_GENDER, EMP_STATUS, JOB_CODE, DEPT_CODE)
VALUES (SEQ_ENO.NEXTVAL,'조윤석','emp42@gmail.com','emp42','0100069643',to_date('12/29/1991', 'MM-DD-RRRR'),'여자',2,'J6','D4');
--행 43
INSERT INTO EMPLOYEE (EMP_NO, EMP_NAME, EMP_EMAIL, EMP_PWD, EMP_PHONE, EMP_AGE, EMP_GENDER, EMP_STATUS, JOB_CODE, DEPT_CODE)
VALUES (SEQ_ENO.NEXTVAL,'설희선','emp43@gmail.com','emp43','01069900551',to_date('11/07/1977', 'MM-DD-RRRR'),'여자',2,'J6','D4');
--행 44
INSERT INTO EMPLOYEE (EMP_NO, EMP_NAME, EMP_EMAIL, EMP_PWD, EMP_PHONE, EMP_AGE, EMP_GENDER, EMP_STATUS, JOB_CODE, DEPT_CODE)
VALUES (SEQ_ENO.NEXTVAL,'조수아','emp44@gmail.com','emp44','01047118188',to_date('03/07/1994', 'MM-DD-RRRR'),'여자',2,'J6','D4');
--행 45
INSERT INTO EMPLOYEE (EMP_NO, EMP_NAME, EMP_EMAIL, EMP_PWD, EMP_PHONE, EMP_AGE, EMP_GENDER, EMP_STATUS)
VALUES (SEQ_ENO.NEXTVAL,'강태오','emp45@gmail.com','emp45','0105588748',to_date('05/05/1995', 'MM-DD-RRRR'),'남자',0);
--행 46
INSERT INTO EMPLOYEE (EMP_NO, EMP_NAME, EMP_EMAIL, EMP_PWD, EMP_PHONE, EMP_AGE, EMP_GENDER, EMP_STATUS)
VALUES (SEQ_ENO.NEXTVAL,'민태오','emp46@gmail.com','emp46','01026704713',to_date('06/14/1997', 'MM-DD-RRRR'),'남자',0);
--행 47
INSERT INTO EMPLOYEE (EMP_NO, EMP_NAME, EMP_EMAIL, EMP_PWD, EMP_PHONE, EMP_AGE, EMP_GENDER, EMP_STATUS)
VALUES (SEQ_ENO.NEXTVAL,'차예성','emp47@gmail.com','emp47','01013444988',to_date('02/01/1975', 'MM-DD-RRRR'),'남자',0);
--행 48
INSERT INTO EMPLOYEE (EMP_NO, EMP_NAME, EMP_EMAIL, EMP_PWD, EMP_PHONE, EMP_AGE, EMP_GENDER, EMP_STATUS)
VALUES (SEQ_ENO.NEXTVAL,'임동현','emp48@gmail.com','emp48','01087475193',to_date('11/24/1987', 'MM-DD-RRRR'),'남자',0);
--행 49
INSERT INTO EMPLOYEE (EMP_NO, EMP_NAME, EMP_EMAIL, EMP_PWD, EMP_PHONE, EMP_AGE, EMP_GENDER, EMP_STATUS)
VALUES (SEQ_ENO.NEXTVAL,'심예나','emp49@gmail.com','emp49','01068242044',to_date('04/16/1977', 'MM-DD-RRRR'),'여자',0);
--행 50
INSERT INTO EMPLOYEE (EMP_NO, EMP_NAME, EMP_EMAIL, EMP_PWD, EMP_PHONE, EMP_AGE, EMP_GENDER, EMP_STATUS)
VALUES (SEQ_ENO.NEXTVAL,'조수민','emp50@gmail.com','emp50','01089748522',to_date('12/14/1988', 'MM-DD-RRRR'),'여자',0);
--행 51
INSERT INTO EMPLOYEE (EMP_NO, EMP_NAME, EMP_EMAIL, EMP_PWD, EMP_PHONE, EMP_AGE, EMP_GENDER, EMP_STATUS)
VALUES (SEQ_ENO.NEXTVAL,'문서영','emp51@gmail.com','emp51','01056088925',to_date('03/27/1972', 'MM-DD-RRRR'),'여자',0);
--행 52
INSERT INTO EMPLOYEE (EMP_NO, EMP_NAME, EMP_EMAIL, EMP_PWD, EMP_PHONE, EMP_AGE, EMP_GENDER, EMP_STATUS)
VALUES (SEQ_ENO.NEXTVAL,'허수연','emp52@gmail.com','emp52','01039476916',to_date('06/13/1991', 'MM-DD-RRRR'),'여자',0);

----------------------------------- COMMUNITY ----------------------------------

-- 행1
INSERT INTO COMMUNITY (COMMUNITY_NO, COMMUNITY_NAME, COMMUNITY_POINT)
VALUES (SEQ_CONO.NEXTVAL, '영업팀', '영업팀 커뮤니티입니다');
-- 행2
INSERT INTO COMMUNITY (COMMUNITY_NO, COMMUNITY_NAME, COMMUNITY_POINT)
VALUES (SEQ_CONO.NEXTVAL, '동갑모임', '동갑모여');
-- 행3
INSERT INTO COMMUNITY (COMMUNITY_NO, COMMUNITY_NAME, COMMUNITY_POINT)
VALUES (SEQ_CONO.NEXTVAL, '20년 입사동기', '20년 입사동기 방입니다');
-- 행4
INSERT INTO COMMUNITY (COMMUNITY_NO, COMMUNITY_NAME, COMMUNITY_POINT)
VALUES (SEQ_CONO.NEXTVAL, '점심동료', '점심메뉴 같이 정해요');
-- 행5
INSERT INTO COMMUNITY (COMMUNITY_NO, COMMUNITY_NAME, COMMUNITY_POINT)
VALUES (SEQ_CONO.NEXTVAL, '술친구', '달리자');
-- 행6
INSERT INTO COMMUNITY (COMMUNITY_NO, COMMUNITY_NAME, COMMUNITY_POINT)
VALUES (SEQ_CONO.NEXTVAL, '임원모임', 'KH학원 임원들 모임방');

-------------------------------- COMMUNITY_GROUP -------------------------------

-- 행1
INSERT INTO COMMUNITY_GROUP (COMMUNITY_GROUP_NO, COMMUNITY_NO, EMP_NO)
VALUES (SEQ_CGNO.NEXTVAL , 1, 1);
-- 행2
INSERT INTO COMMUNITY_GROUP (COMMUNITY_GROUP_NO, COMMUNITY_NO, EMP_NO)
VALUES (SEQ_CGNO.NEXTVAL , 1, 3);
-- 행3
INSERT INTO COMMUNITY_GROUP (COMMUNITY_GROUP_NO, COMMUNITY_NO, EMP_NO)
VALUES (SEQ_CGNO.NEXTVAL , 1, 4);
-- 행4
INSERT INTO COMMUNITY_GROUP (COMMUNITY_GROUP_NO, COMMUNITY_NO, EMP_NO)
VALUES (SEQ_CGNO.NEXTVAL , 1, 5);
-- 행5
INSERT INTO COMMUNITY_GROUP (COMMUNITY_GROUP_NO, COMMUNITY_NO, EMP_NO)
VALUES (SEQ_CGNO.NEXTVAL , 1, 6);
-- 행6
INSERT INTO COMMUNITY_GROUP (COMMUNITY_GROUP_NO, COMMUNITY_NO, EMP_NO)
VALUES (SEQ_CGNO.NEXTVAL , 1, 7);
-- 행7
INSERT INTO COMMUNITY_GROUP (COMMUNITY_GROUP_NO, COMMUNITY_NO, EMP_NO)
VALUES (SEQ_CGNO.NEXTVAL , 1, 8);
-- 행8
INSERT INTO COMMUNITY_GROUP (COMMUNITY_GROUP_NO, COMMUNITY_NO, EMP_NO)
VALUES (SEQ_CGNO.NEXTVAL , 1, 9);
-- 행9
INSERT INTO COMMUNITY_GROUP (COMMUNITY_GROUP_NO, COMMUNITY_NO, EMP_NO)
VALUES (SEQ_CGNO.NEXTVAL , 1, 10);
-- 행10
INSERT INTO COMMUNITY_GROUP (COMMUNITY_GROUP_NO, COMMUNITY_NO, EMP_NO)
VALUES (SEQ_CGNO.NEXTVAL , 1, 11);
-- 행11
INSERT INTO COMMUNITY_GROUP (COMMUNITY_GROUP_NO, COMMUNITY_NO, EMP_NO)
VALUES (SEQ_CGNO.NEXTVAL , 1, 12);
-- 행12
INSERT INTO COMMUNITY_GROUP (COMMUNITY_GROUP_NO, COMMUNITY_NO, EMP_NO)
VALUES (SEQ_CGNO.NEXTVAL , 4, 1);
-- 행13
INSERT INTO COMMUNITY_GROUP (COMMUNITY_GROUP_NO, COMMUNITY_NO, EMP_NO)
VALUES (SEQ_CGNO.NEXTVAL , 2, 14);
-- 행14
INSERT INTO COMMUNITY_GROUP (COMMUNITY_GROUP_NO, COMMUNITY_NO, EMP_NO)
VALUES (SEQ_CGNO.NEXTVAL , 2, 15);
-- 행15
INSERT INTO COMMUNITY_GROUP (COMMUNITY_GROUP_NO, COMMUNITY_NO, EMP_NO)
VALUES (SEQ_CGNO.NEXTVAL , 2, 16);
-- 행16
INSERT INTO COMMUNITY_GROUP (COMMUNITY_GROUP_NO, COMMUNITY_NO, EMP_NO)
VALUES (SEQ_CGNO.NEXTVAL , 3, 17);
-- 행17
INSERT INTO COMMUNITY_GROUP (COMMUNITY_GROUP_NO, COMMUNITY_NO, EMP_NO)
VALUES (SEQ_CGNO.NEXTVAL , 3, 18);
-- 행18
INSERT INTO COMMUNITY_GROUP (COMMUNITY_GROUP_NO, COMMUNITY_NO, EMP_NO)
VALUES (SEQ_CGNO.NEXTVAL , 3, 19);
-- 행19
INSERT INTO COMMUNITY_GROUP (COMMUNITY_GROUP_NO, COMMUNITY_NO, EMP_NO)
VALUES (SEQ_CGNO.NEXTVAL , 3, 20);
-- 행20
INSERT INTO COMMUNITY_GROUP (COMMUNITY_GROUP_NO, COMMUNITY_NO, EMP_NO)
VALUES (SEQ_CGNO.NEXTVAL , 4, 21);
-- 행21
INSERT INTO COMMUNITY_GROUP (COMMUNITY_GROUP_NO, COMMUNITY_NO, EMP_NO)
VALUES (SEQ_CGNO.NEXTVAL , 4, 22);
-- 행22
INSERT INTO COMMUNITY_GROUP (COMMUNITY_GROUP_NO, COMMUNITY_NO, EMP_NO)
VALUES (SEQ_CGNO.NEXTVAL , 4, 23);
-- 행23
INSERT INTO COMMUNITY_GROUP (COMMUNITY_GROUP_NO, COMMUNITY_NO, EMP_NO)
VALUES (SEQ_CGNO.NEXTVAL , 4, 24);
-- 행24
INSERT INTO COMMUNITY_GROUP (COMMUNITY_GROUP_NO, COMMUNITY_NO, EMP_NO)
VALUES (SEQ_CGNO.NEXTVAL , 5, 25);
-- 행25
INSERT INTO COMMUNITY_GROUP (COMMUNITY_GROUP_NO, COMMUNITY_NO, EMP_NO)
VALUES (SEQ_CGNO.NEXTVAL , 5, 26);
-- 행26
INSERT INTO COMMUNITY_GROUP (COMMUNITY_GROUP_NO, COMMUNITY_NO, EMP_NO)
VALUES (SEQ_CGNO.NEXTVAL , 5, 27);
-- 행27
INSERT INTO COMMUNITY_GROUP (COMMUNITY_GROUP_NO, COMMUNITY_NO, EMP_NO)
VALUES (SEQ_CGNO.NEXTVAL , 5, 28);
-- 행28
INSERT INTO COMMUNITY_GROUP (COMMUNITY_GROUP_NO, COMMUNITY_NO, EMP_NO)
VALUES (SEQ_CGNO.NEXTVAL , 6, 1);
-- 행29
INSERT INTO COMMUNITY_GROUP (COMMUNITY_GROUP_NO, COMMUNITY_NO, EMP_NO)
VALUES (SEQ_CGNO.NEXTVAL , 6, 2);
-- 행30
INSERT INTO COMMUNITY_GROUP (COMMUNITY_GROUP_NO, COMMUNITY_NO, EMP_NO)
VALUES (SEQ_CGNO.NEXTVAL , 6, 12);
-- 행31
INSERT INTO COMMUNITY_GROUP (COMMUNITY_GROUP_NO, COMMUNITY_NO, EMP_NO)
VALUES (SEQ_CGNO.NEXTVAL , 6, 23);
-- 행32
INSERT INTO COMMUNITY_GROUP (COMMUNITY_GROUP_NO, COMMUNITY_NO, EMP_NO)
VALUES (SEQ_CGNO.NEXTVAL , 6, 34);

-------------------------------- COMMUNITY_BOARD -------------------------------
-- 행1
INSERT INTO COMMUNITY_BOARD (COMMUNITY_BOARD_NO, COMMUNITY_NO, EMP_NO, COMMUNITY_BOARD_TITLE, COMMUNITY_BOARD_CONTENT)
VALUES (SEQ_CBNO.NEXTVAL, 1, 2, '영업팀 커뮤니티 제목입니다01', '내용입니다01');
-- 행2
INSERT INTO COMMUNITY_BOARD (COMMUNITY_BOARD_NO, COMMUNITY_NO, EMP_NO, COMMUNITY_BOARD_TITLE, COMMUNITY_BOARD_CONTENT)
VALUES (SEQ_CBNO.NEXTVAL, 1, 3, '영업팀 커뮤니티 제목입니다02', '내용입니다02');
-- 행3
INSERT INTO COMMUNITY_BOARD (COMMUNITY_BOARD_NO, COMMUNITY_NO, EMP_NO, COMMUNITY_BOARD_TITLE, COMMUNITY_BOARD_CONTENT)
VALUES (SEQ_CBNO.NEXTVAL, 1, 4, '영업팀 커뮤니티 제목입니다03', '내용입니다03');
-- 행4
INSERT INTO COMMUNITY_BOARD (COMMUNITY_BOARD_NO, COMMUNITY_NO, EMP_NO, COMMUNITY_BOARD_TITLE, COMMUNITY_BOARD_CONTENT)
VALUES (SEQ_CBNO.NEXTVAL, 1, 5, '영업팀 커뮤니티 제목입니다04', '내용입니다04');
-- 행5
INSERT INTO COMMUNITY_BOARD (COMMUNITY_BOARD_NO, COMMUNITY_NO, EMP_NO, COMMUNITY_BOARD_TITLE, COMMUNITY_BOARD_CONTENT)
VALUES (SEQ_CBNO.NEXTVAL, 1, 6, '영업팀 커뮤니티 제목입니다05', '내용입니다05');
-- 행5
INSERT INTO COMMUNITY_BOARD (COMMUNITY_BOARD_NO, COMMUNITY_NO, EMP_NO, COMMUNITY_BOARD_TITLE, COMMUNITY_BOARD_CONTENT)
VALUES (SEQ_CBNO.NEXTVAL, 1, 7, '영업팀 커뮤니티 제목입니다06', '내용입니다06');
-- 행5
INSERT INTO COMMUNITY_BOARD (COMMUNITY_BOARD_NO, COMMUNITY_NO, EMP_NO, COMMUNITY_BOARD_TITLE, COMMUNITY_BOARD_CONTENT)
VALUES (SEQ_CBNO.NEXTVAL, 1, 8, '영업팀 커뮤니티 제목입니다07', '내용입니다07');
-- 행5
INSERT INTO COMMUNITY_BOARD (COMMUNITY_BOARD_NO, COMMUNITY_NO, EMP_NO, COMMUNITY_BOARD_TITLE, COMMUNITY_BOARD_CONTENT)
VALUES (SEQ_CBNO.NEXTVAL, 1, 9, '영업팀 커뮤니티 제목입니다08', '내용입니다08');
-- 행5
INSERT INTO COMMUNITY_BOARD (COMMUNITY_BOARD_NO, COMMUNITY_NO, EMP_NO, COMMUNITY_BOARD_TITLE, COMMUNITY_BOARD_CONTENT)
VALUES (SEQ_CBNO.NEXTVAL, 1, 1, '영업팀 커뮤니티 제목입니다09', '내용입니다09');
-- 행6
INSERT INTO COMMUNITY_BOARD (COMMUNITY_BOARD_NO, COMMUNITY_NO, EMP_NO, COMMUNITY_BOARD_TITLE, COMMUNITY_BOARD_CONTENT)
VALUES (SEQ_CBNO.NEXTVAL, 2, 13, '동갑모임 커뮤니티 제목입니다01', '내용입니다01');
-- 행7
INSERT INTO COMMUNITY_BOARD (COMMUNITY_BOARD_NO, COMMUNITY_NO, EMP_NO, COMMUNITY_BOARD_TITLE, COMMUNITY_BOARD_CONTENT)
VALUES (SEQ_CBNO.NEXTVAL, 2, 14, '동갑모임 커뮤니티 제목입니다02', '내용입니다02');
-- 행8
INSERT INTO COMMUNITY_BOARD (COMMUNITY_BOARD_NO, COMMUNITY_NO, EMP_NO, COMMUNITY_BOARD_TITLE, COMMUNITY_BOARD_CONTENT)
VALUES (SEQ_CBNO.NEXTVAL, 3, 17, '20년 입사동기 커뮤니티 제목입니다01', '내용입니다01');
-- 행9
INSERT INTO COMMUNITY_BOARD (COMMUNITY_BOARD_NO, COMMUNITY_NO, EMP_NO, COMMUNITY_BOARD_TITLE, COMMUNITY_BOARD_CONTENT)
VALUES (SEQ_CBNO.NEXTVAL, 3, 18, '20년 입사동기 커뮤니티 제목입니다02', '내용입니다02');
-- 행10
INSERT INTO COMMUNITY_BOARD (COMMUNITY_BOARD_NO, COMMUNITY_NO, EMP_NO, COMMUNITY_BOARD_TITLE, COMMUNITY_BOARD_CONTENT)
VALUES (SEQ_CBNO.NEXTVAL, 4, 21, '점심동료 커뮤니티 제목입니다01', '내용입니다01');
-- 행11
INSERT INTO COMMUNITY_BOARD (COMMUNITY_BOARD_NO, COMMUNITY_NO, EMP_NO, COMMUNITY_BOARD_TITLE, COMMUNITY_BOARD_CONTENT)
VALUES (SEQ_CBNO.NEXTVAL, 4, 22, '점심동료 커뮤니티 제목입니다02', '내용입니다02');
-- 행11
INSERT INTO COMMUNITY_BOARD (COMMUNITY_BOARD_NO, COMMUNITY_NO, EMP_NO, COMMUNITY_BOARD_TITLE, COMMUNITY_BOARD_CONTENT)
VALUES (SEQ_CBNO.NEXTVAL, 4, 15, '점심동료 커뮤니티 제목입니다03', '내용입니다03');
-- 행11
INSERT INTO COMMUNITY_BOARD (COMMUNITY_BOARD_NO, COMMUNITY_NO, EMP_NO, COMMUNITY_BOARD_TITLE, COMMUNITY_BOARD_CONTENT)
VALUES (SEQ_CBNO.NEXTVAL, 4, 16, '점심동료 커뮤니티 제목입니다04', '내용입니다04');
-- 행11
INSERT INTO COMMUNITY_BOARD (COMMUNITY_BOARD_NO, COMMUNITY_NO, EMP_NO, COMMUNITY_BOARD_TITLE, COMMUNITY_BOARD_CONTENT)
VALUES (SEQ_CBNO.NEXTVAL, 4, 17, '점심동료 커뮤니티 제목입니다05', '내용입니다05');
-- 행11
INSERT INTO COMMUNITY_BOARD (COMMUNITY_BOARD_NO, COMMUNITY_NO, EMP_NO, COMMUNITY_BOARD_TITLE, COMMUNITY_BOARD_CONTENT)
VALUES (SEQ_CBNO.NEXTVAL, 4, 18, '점심동료 커뮤니티 제목입니다06', '내용입니다06');
-- 행12
INSERT INTO COMMUNITY_BOARD (COMMUNITY_BOARD_NO, COMMUNITY_NO, EMP_NO, COMMUNITY_BOARD_TITLE, COMMUNITY_BOARD_CONTENT)
VALUES (SEQ_CBNO.NEXTVAL, 5, 25, '술친구 커뮤니티 제목입니다01', '내용입니다01');
-- 행13
INSERT INTO COMMUNITY_BOARD (COMMUNITY_BOARD_NO, COMMUNITY_NO, EMP_NO, COMMUNITY_BOARD_TITLE, COMMUNITY_BOARD_CONTENT)
VALUES (SEQ_CBNO.NEXTVAL, 5, 26, '술친구 커뮤니티 제목입니다02', '내용입니다02');
-- 행14
INSERT INTO COMMUNITY_BOARD (COMMUNITY_BOARD_NO, COMMUNITY_NO, EMP_NO, COMMUNITY_BOARD_TITLE, COMMUNITY_BOARD_CONTENT)
VALUES (SEQ_CBNO.NEXTVAL, 6, 1, '임원 커뮤니티 제목입니다01', '내용입니다01');
-- 행15
INSERT INTO COMMUNITY_BOARD (COMMUNITY_BOARD_NO, COMMUNITY_NO, EMP_NO, COMMUNITY_BOARD_TITLE, COMMUNITY_BOARD_CONTENT)
VALUES (SEQ_CBNO.NEXTVAL, 6, 2, '임원 커뮤니티 제목입니다02', '내용입니다02');

------------------------------ COMMUNITY_ATTACHMENT ----------------------------
-- 행1
INSERT INTO COMMUNITY_ATTACHMENT (COMMUNITY_FILE_NO, COMMUNITY_BOARD_NO, COMMUNITY_ORIGIN_NAME, COMMUNITY_CHANGE_NAME, COMMUNITY_FILE_PATH)
VALUES (SEQ_CATNO.NEXTVAL, 1, '커뮤니티 첨부파일01', '2023112715001700000.pdf', 'resources/community/2023112715001700000.pdf');
-- 행2
INSERT INTO COMMUNITY_ATTACHMENT (COMMUNITY_FILE_NO, COMMUNITY_BOARD_NO, COMMUNITY_ORIGIN_NAME, COMMUNITY_CHANGE_NAME, COMMUNITY_FILE_PATH)
VALUES (SEQ_CATNO.NEXTVAL, 2, '커뮤니티 첨부파일02', '2023112715001700001.pdf', 'resources/community/2023112715001700001.pdf');
-- 행3
INSERT INTO COMMUNITY_ATTACHMENT (COMMUNITY_FILE_NO, COMMUNITY_BOARD_NO, COMMUNITY_ORIGIN_NAME, COMMUNITY_CHANGE_NAME, COMMUNITY_FILE_PATH)
VALUES (SEQ_CATNO.NEXTVAL, 3, '커뮤니티 첨부파일03', '2023112715001700002.pdf', 'resources/community/2023112715001700002.pdf');
-- 행4
INSERT INTO COMMUNITY_ATTACHMENT (COMMUNITY_FILE_NO, COMMUNITY_BOARD_NO, COMMUNITY_ORIGIN_NAME, COMMUNITY_CHANGE_NAME, COMMUNITY_FILE_PATH)
VALUES (SEQ_CATNO.NEXTVAL, 4, '커뮤니티 첨부파일04', '2023112715001700003.pdf', 'resources/community/2023112715001700003.pdf');
-- 행5
INSERT INTO COMMUNITY_ATTACHMENT (COMMUNITY_FILE_NO, COMMUNITY_BOARD_NO, COMMUNITY_ORIGIN_NAME, COMMUNITY_CHANGE_NAME, COMMUNITY_FILE_PATH)
VALUES (SEQ_CATNO.NEXTVAL, 5, '커뮤니티 첨부파일05', '2023112715001700004.pdf', 'resources/community/2023112715001700004.pdf');
-- 행6
INSERT INTO COMMUNITY_ATTACHMENT (COMMUNITY_FILE_NO, COMMUNITY_BOARD_NO, COMMUNITY_ORIGIN_NAME, COMMUNITY_CHANGE_NAME, COMMUNITY_FILE_PATH)
VALUES (SEQ_CATNO.NEXTVAL, 6, '커뮤니티 첨부파일06', '2023112715001700005.pdf', 'resources/community/2023112715001700005.pdf');
-- 행7
INSERT INTO COMMUNITY_ATTACHMENT (COMMUNITY_FILE_NO, COMMUNITY_BOARD_NO, COMMUNITY_ORIGIN_NAME, COMMUNITY_CHANGE_NAME, COMMUNITY_FILE_PATH)
VALUES (SEQ_CATNO.NEXTVAL, 7, '커뮤니티 첨부파일07', '2023112715001700006.pdf', 'resources/community/2023112715001700006.pdf');
-- 행8
INSERT INTO COMMUNITY_ATTACHMENT (COMMUNITY_FILE_NO, COMMUNITY_BOARD_NO, COMMUNITY_ORIGIN_NAME, COMMUNITY_CHANGE_NAME, COMMUNITY_FILE_PATH)
VALUES (SEQ_CATNO.NEXTVAL, 8, '커뮤니티 첨부파일08', '2023112715001700007.pdf', 'resources/community/2023112715001700007.pdf');
-- 행9
INSERT INTO COMMUNITY_ATTACHMENT (COMMUNITY_FILE_NO, COMMUNITY_BOARD_NO, COMMUNITY_ORIGIN_NAME, COMMUNITY_CHANGE_NAME, COMMUNITY_FILE_PATH)
VALUES (SEQ_CATNO.NEXTVAL, 9, '커뮤니티 첨부파일09', '2023112715001700008.pdf', 'resources/community/2023112715001700008.pdf');
-- 행10
INSERT INTO COMMUNITY_ATTACHMENT (COMMUNITY_FILE_NO, COMMUNITY_BOARD_NO, COMMUNITY_ORIGIN_NAME, COMMUNITY_CHANGE_NAME, COMMUNITY_FILE_PATH)
VALUES (SEQ_CATNO.NEXTVAL, 10, '커뮤니티 첨부파일10', '2023112715001700009.pdf', 'resources/community/2023112715001700009.pdf');

-------------------------------- COMMUNITY_LIKE --------------------------------
-- 행1
INSERT INTO COMMUNITY_LIKE (COMMUNITY_LIKE_NO, COMMUNITY_BOARD_NO, EMP_NO)
VALUES (SEQ_CLNO.NEXTVAL, 1, 2);
-- 행2
INSERT INTO COMMUNITY_LIKE (COMMUNITY_LIKE_NO, COMMUNITY_BOARD_NO, EMP_NO)
VALUES (SEQ_CLNO.NEXTVAL, 1, 3);
-- 행3
INSERT INTO COMMUNITY_LIKE (COMMUNITY_LIKE_NO, COMMUNITY_BOARD_NO, EMP_NO)
VALUES (SEQ_CLNO.NEXTVAL, 1, 4);
-- 행4
INSERT INTO COMMUNITY_LIKE (COMMUNITY_LIKE_NO, COMMUNITY_BOARD_NO, EMP_NO)
VALUES (SEQ_CLNO.NEXTVAL, 1, 5);
-- 행5
INSERT INTO COMMUNITY_LIKE (COMMUNITY_LIKE_NO, COMMUNITY_BOARD_NO, EMP_NO)
VALUES (SEQ_CLNO.NEXTVAL, 2, 6);
-- 행6
INSERT INTO COMMUNITY_LIKE (COMMUNITY_LIKE_NO, COMMUNITY_BOARD_NO, EMP_NO)
VALUES (SEQ_CLNO.NEXTVAL, 2, 7);
-- 행7
INSERT INTO COMMUNITY_LIKE (COMMUNITY_LIKE_NO, COMMUNITY_BOARD_NO, EMP_NO)
VALUES (SEQ_CLNO.NEXTVAL, 2, 8);
-- 행8
INSERT INTO COMMUNITY_LIKE (COMMUNITY_LIKE_NO, COMMUNITY_BOARD_NO, EMP_NO)
VALUES (SEQ_CLNO.NEXTVAL, 2, 9);
-- 행9
INSERT INTO COMMUNITY_LIKE (COMMUNITY_LIKE_NO, COMMUNITY_BOARD_NO, EMP_NO)
VALUES (SEQ_CLNO.NEXTVAL, 3, 10);
-- 행10
INSERT INTO COMMUNITY_LIKE (COMMUNITY_LIKE_NO, COMMUNITY_BOARD_NO, EMP_NO)
VALUES (SEQ_CLNO.NEXTVAL, 3, 11);
-- 행11
INSERT INTO COMMUNITY_LIKE (COMMUNITY_LIKE_NO, COMMUNITY_BOARD_NO, EMP_NO)
VALUES (SEQ_CLNO.NEXTVAL, 3, 12);
-- 행12
INSERT INTO COMMUNITY_LIKE (COMMUNITY_LIKE_NO, COMMUNITY_BOARD_NO, EMP_NO)
VALUES (SEQ_CLNO.NEXTVAL, 3, 13);

-------------------------------- COMMUNITY_REPLY -------------------------------
-- 행1
INSERT INTO COMMUNITY_REPLY (COMMUNITY_REPLY_NO, COMMUNITY_BOARD_NO, EMP_NO, COMMUNITY_REPLY_COMMENT)
VALUES (SEQ_CRNO.NEXTVAL, 1, 2, '첫번째 댓글입니다');
-- 행1
INSERT INTO COMMUNITY_REPLY (COMMUNITY_REPLY_NO, COMMUNITY_BOARD_NO, EMP_NO, COMMUNITY_REPLY_COMMENT, PARENT_REPLY_NO)
VALUES (SEQ_CRNO.NEXTVAL, 1, 3, '첫번째 댓글의 대댓글 입니다', 1);
-- 행2
INSERT INTO COMMUNITY_REPLY (COMMUNITY_REPLY_NO, COMMUNITY_BOARD_NO, EMP_NO, COMMUNITY_REPLY_COMMENT)
VALUES (SEQ_CRNO.NEXTVAL, 1, 3, '두번째 댓글입니다');
-- 행3
INSERT INTO COMMUNITY_REPLY (COMMUNITY_REPLY_NO, COMMUNITY_BOARD_NO, EMP_NO, COMMUNITY_REPLY_COMMENT)
VALUES (SEQ_CRNO.NEXTVAL, 1, 4, '세번째 댓글입니다');
-- 행4
INSERT INTO COMMUNITY_REPLY (COMMUNITY_REPLY_NO, COMMUNITY_BOARD_NO, EMP_NO, COMMUNITY_REPLY_COMMENT, PARENT_REPLY_NO)
VALUES (SEQ_CRNO.NEXTVAL, 1, 5, '세번째 댓글의 대댓글 입니다',3);
-- 행5
INSERT INTO COMMUNITY_REPLY (COMMUNITY_REPLY_NO, COMMUNITY_BOARD_NO, EMP_NO, COMMUNITY_REPLY_COMMENT)
VALUES (SEQ_CRNO.NEXTVAL, 1, 6, '네번째 댓글입니다');
-- 행6
INSERT INTO COMMUNITY_REPLY (COMMUNITY_REPLY_NO, COMMUNITY_BOARD_NO, EMP_NO, COMMUNITY_REPLY_COMMENT)
VALUES (SEQ_CRNO.NEXTVAL, 2, 7, '첫번째 댓글입니다');
-- 행7
INSERT INTO COMMUNITY_REPLY (COMMUNITY_REPLY_NO, COMMUNITY_BOARD_NO, EMP_NO, COMMUNITY_REPLY_COMMENT)
VALUES (SEQ_CRNO.NEXTVAL, 2, 8, '두번째 댓글입니다');
-- 행8
INSERT INTO COMMUNITY_REPLY (COMMUNITY_REPLY_NO, COMMUNITY_BOARD_NO, EMP_NO, COMMUNITY_REPLY_COMMENT)
VALUES (SEQ_CRNO.NEXTVAL, 2, 9, '세번째 댓글입니다');
-- 행9
INSERT INTO COMMUNITY_REPLY (COMMUNITY_REPLY_NO, COMMUNITY_BOARD_NO, EMP_NO, COMMUNITY_REPLY_COMMENT)
VALUES (SEQ_CRNO.NEXTVAL, 3, 10, '첫번째 댓글입니다');
-- 행10
INSERT INTO COMMUNITY_REPLY (COMMUNITY_REPLY_NO, COMMUNITY_BOARD_NO, EMP_NO, COMMUNITY_REPLY_COMMENT)
VALUES (SEQ_CRNO.NEXTVAL, 3, 11, '두번째 댓글입니다');
-- 행11
INSERT INTO COMMUNITY_REPLY (COMMUNITY_REPLY_NO, COMMUNITY_BOARD_NO, EMP_NO, COMMUNITY_REPLY_COMMENT, PARENT_REPLY_NO)
VALUES (SEQ_CRNO.NEXTVAL, 3, 12, '두번째 댓글의 대댓글 입니다', 10);
-- 행12
INSERT INTO COMMUNITY_REPLY (COMMUNITY_REPLY_NO, COMMUNITY_BOARD_NO, EMP_NO, COMMUNITY_REPLY_COMMENT)
VALUES (SEQ_CRNO.NEXTVAL, 9, 3, '첫번째 댓글입니다');
INSERT INTO COMMUNITY_REPLY (COMMUNITY_REPLY_NO, COMMUNITY_BOARD_NO, EMP_NO, COMMUNITY_REPLY_COMMENT)
VALUES (SEQ_CRNO.NEXTVAL, 9, 4, '두번째 댓글입니다');
INSERT INTO COMMUNITY_REPLY (COMMUNITY_REPLY_NO, COMMUNITY_BOARD_NO, EMP_NO, COMMUNITY_REPLY_COMMENT)
VALUES (SEQ_CRNO.NEXTVAL, 9, 4, '세번째 댓글입니다');
INSERT INTO COMMUNITY_REPLY (COMMUNITY_REPLY_NO, COMMUNITY_BOARD_NO, EMP_NO, COMMUNITY_REPLY_COMMENT)
VALUES (SEQ_CRNO.NEXTVAL, 9, 5, '네번째 댓글입니다');
INSERT INTO COMMUNITY_REPLY (COMMUNITY_REPLY_NO, COMMUNITY_BOARD_NO, EMP_NO, COMMUNITY_REPLY_COMMENT)
VALUES (SEQ_CRNO.NEXTVAL, 9, 7, '다섯번째 댓글입니다');
INSERT INTO COMMUNITY_REPLY (COMMUNITY_REPLY_NO, COMMUNITY_BOARD_NO, EMP_NO, COMMUNITY_REPLY_COMMENT, PARENT_REPLY_NO)
VALUES (SEQ_CRNO.NEXTVAL, 9, 12, '첫번째 댓글의 대댓글 입니다', 13);


------------------------------------ NOTICE ------------------------------------

--행 1
INSERT INTO NOTICE (NOTICE_NO, NOTICE_TITLE, NOTICE_CONTENT, NOTICE_CREATE_DATE, EMP_NO) VALUES (SEQ_NNO.NEXTVAL,'공지사항 제목입니다01','공지사항 내용입니다01',to_date('09/01/2023', 'MM-DD-RRRR'),2);
--행 2
INSERT INTO NOTICE (NOTICE_NO, NOTICE_TITLE, NOTICE_CONTENT, NOTICE_CREATE_DATE, EMP_NO) VALUES (SEQ_NNO.NEXTVAL,'공지사항 제목입니다02','공지사항 내용입니다02',to_date('09/02/2023', 'MM-DD-RRRR'),3);
--행 3
INSERT INTO NOTICE (NOTICE_NO, NOTICE_TITLE, NOTICE_CONTENT, NOTICE_CREATE_DATE, EMP_NO) VALUES (SEQ_NNO.NEXTVAL,'공지사항 제목입니다03','공지사항 내용입니다03',to_date('09/03/2023', 'MM-DD-RRRR'),4);
--행 4
INSERT INTO NOTICE (NOTICE_NO, NOTICE_TITLE, NOTICE_CONTENT, NOTICE_CREATE_DATE, EMP_NO) VALUES (SEQ_NNO.NEXTVAL,'공지사항 제목입니다04','공지사항 내용입니다04',to_date('09/04/2023', 'MM-DD-RRRR'),5);
--행 5
INSERT INTO NOTICE (NOTICE_NO, NOTICE_TITLE, NOTICE_CONTENT, NOTICE_CREATE_DATE, EMP_NO) VALUES (SEQ_NNO.NEXTVAL,'공지사항 제목입니다05','공지사항 내용입니다05',to_date('09/05/2023', 'MM-DD-RRRR'),6);
--행 6
INSERT INTO NOTICE (NOTICE_NO, NOTICE_TITLE, NOTICE_CONTENT, NOTICE_CREATE_DATE, EMP_NO) VALUES (SEQ_NNO.NEXTVAL,'공지사항 제목입니다06','공지사항 내용입니다06',to_date('09/06/2023', 'MM-DD-RRRR'),7);
--행 7
INSERT INTO NOTICE (NOTICE_NO, NOTICE_TITLE, NOTICE_CONTENT, NOTICE_CREATE_DATE, EMP_NO) VALUES (SEQ_NNO.NEXTVAL,'공지사항 제목입니다07','공지사항 내용입니다07',to_date('09/07/2023', 'MM-DD-RRRR'),8);
--행 8
INSERT INTO NOTICE (NOTICE_NO, NOTICE_TITLE, NOTICE_CONTENT, NOTICE_CREATE_DATE, EMP_NO) VALUES (SEQ_NNO.NEXTVAL,'공지사항 제목입니다08','공지사항 내용입니다08',to_date('09/08/2023', 'MM-DD-RRRR'),9);
--행 9
INSERT INTO NOTICE (NOTICE_NO, NOTICE_TITLE, NOTICE_CONTENT, NOTICE_CREATE_DATE, EMP_NO) VALUES (SEQ_NNO.NEXTVAL,'공지사항 제목입니다09','공지사항 내용입니다09',to_date('09/09/2023', 'MM-DD-RRRR'),10);
--행 10
INSERT INTO NOTICE (NOTICE_NO, NOTICE_TITLE, NOTICE_CONTENT, NOTICE_CREATE_DATE, EMP_NO) VALUES (SEQ_NNO.NEXTVAL,'공지사항 제목입니다10','공지사항 내용입니다10',to_date('09/10/2023', 'MM-DD-RRRR'),11);
--행 11
INSERT INTO NOTICE (NOTICE_NO, NOTICE_TITLE, NOTICE_CONTENT, NOTICE_CREATE_DATE, EMP_NO) VALUES (SEQ_NNO.NEXTVAL,'공지사항 제목입니다11','공지사항 내용입니다11',to_date('09/11/2023', 'MM-DD-RRRR'),12);
--행 12
INSERT INTO NOTICE (NOTICE_NO, NOTICE_TITLE, NOTICE_CONTENT, NOTICE_CREATE_DATE, EMP_NO) VALUES (SEQ_NNO.NEXTVAL,'공지사항 제목입니다12','공지사항 내용입니다12',to_date('09/12/2023', 'MM-DD-RRRR'),13);
--행 13
INSERT INTO NOTICE (NOTICE_NO, NOTICE_TITLE, NOTICE_CONTENT, NOTICE_CREATE_DATE, EMP_NO) VALUES (SEQ_NNO.NEXTVAL,'공지사항 제목입니다13','공지사항 내용입니다13',to_date('09/13/2023', 'MM-DD-RRRR'),14);
--행 14
INSERT INTO NOTICE (NOTICE_NO, NOTICE_TITLE, NOTICE_CONTENT, NOTICE_CREATE_DATE, EMP_NO) VALUES (SEQ_NNO.NEXTVAL,'공지사항 제목입니다14','공지사항 내용입니다14',to_date('09/14/2023', 'MM-DD-RRRR'),15);
--행 15
INSERT INTO NOTICE (NOTICE_NO, NOTICE_TITLE, NOTICE_CONTENT, NOTICE_CREATE_DATE, EMP_NO) VALUES (SEQ_NNO.NEXTVAL,'공지사항 제목입니다15','공지사항 내용입니다15',to_date('09/15/2023', 'MM-DD-RRRR'),16);
--행 16
INSERT INTO NOTICE (NOTICE_NO, NOTICE_TITLE, NOTICE_CONTENT, NOTICE_CREATE_DATE, EMP_NO) VALUES (SEQ_NNO.NEXTVAL,'공지사항 제목입니다16','공지사항 내용입니다16',to_date('09/16/2023', 'MM-DD-RRRR'),17);
--행 17
INSERT INTO NOTICE (NOTICE_NO, NOTICE_TITLE, NOTICE_CONTENT, NOTICE_CREATE_DATE, EMP_NO) VALUES (SEQ_NNO.NEXTVAL,'공지사항 제목입니다17','공지사항 내용입니다17',to_date('09/17/2023', 'MM-DD-RRRR'),18);
--행 18
INSERT INTO NOTICE (NOTICE_NO, NOTICE_TITLE, NOTICE_CONTENT, NOTICE_CREATE_DATE, EMP_NO) VALUES (SEQ_NNO.NEXTVAL,'공지사항 제목입니다18','공지사항 내용입니다18',to_date('09/18/2023', 'MM-DD-RRRR'),19);
--행 19
INSERT INTO NOTICE (NOTICE_NO, NOTICE_TITLE, NOTICE_CONTENT, NOTICE_CREATE_DATE, EMP_NO) VALUES (SEQ_NNO.NEXTVAL,'공지사항 제목입니다19','공지사항 내용입니다19',to_date('09/19/2023', 'MM-DD-RRRR'),20);
--행 20
INSERT INTO NOTICE (NOTICE_NO, NOTICE_TITLE, NOTICE_CONTENT, NOTICE_CREATE_DATE, EMP_NO) VALUES (SEQ_NNO.NEXTVAL,'공지사항 제목입니다20','공지사항 내용입니다20',to_date('09/20/2023', 'MM-DD-RRRR'),21);
--행 21
INSERT INTO NOTICE (NOTICE_NO, NOTICE_TITLE, NOTICE_CONTENT, NOTICE_CREATE_DATE, EMP_NO) VALUES (SEQ_NNO.NEXTVAL,'공지사항 제목입니다21','공지사항 내용입니다21',to_date('09/21/2023', 'MM-DD-RRRR'),22);
--행 22
INSERT INTO NOTICE (NOTICE_NO, NOTICE_TITLE, NOTICE_CONTENT, NOTICE_CREATE_DATE, EMP_NO) VALUES (SEQ_NNO.NEXTVAL,'공지사항 제목입니다22','공지사항 내용입니다22',to_date('09/22/2023', 'MM-DD-RRRR'),23);
--행 23
INSERT INTO NOTICE (NOTICE_NO, NOTICE_TITLE, NOTICE_CONTENT, NOTICE_CREATE_DATE, EMP_NO) VALUES (SEQ_NNO.NEXTVAL,'공지사항 제목입니다23','공지사항 내용입니다23',to_date('09/23/2023', 'MM-DD-RRRR'),24);
--행 24
INSERT INTO NOTICE (NOTICE_NO, NOTICE_TITLE, NOTICE_CONTENT, NOTICE_CREATE_DATE, EMP_NO) VALUES (SEQ_NNO.NEXTVAL,'공지사항 제목입니다24','공지사항 내용입니다24',to_date('09/24/2023', 'MM-DD-RRRR'),25);
--행 25
INSERT INTO NOTICE (NOTICE_NO, NOTICE_TITLE, NOTICE_CONTENT, NOTICE_CREATE_DATE, EMP_NO) VALUES (SEQ_NNO.NEXTVAL,'공지사항 제목입니다25','공지사항 내용입니다25',to_date('09/25/2023', 'MM-DD-RRRR'),26);
--행 26
INSERT INTO NOTICE (NOTICE_NO, NOTICE_TITLE, NOTICE_CONTENT, NOTICE_CREATE_DATE, EMP_NO) VALUES (SEQ_NNO.NEXTVAL,'공지사항 제목입니다26','공지사항 내용입니다26',to_date('09/26/2023', 'MM-DD-RRRR'),27);
--행 27
INSERT INTO NOTICE (NOTICE_NO, NOTICE_TITLE, NOTICE_CONTENT, NOTICE_CREATE_DATE, EMP_NO) VALUES (SEQ_NNO.NEXTVAL,'공지사항 제목입니다27','공지사항 내용입니다27',to_date('09/27/2023', 'MM-DD-RRRR'),28);
--행 28
INSERT INTO NOTICE (NOTICE_NO, NOTICE_TITLE, NOTICE_CONTENT, NOTICE_CREATE_DATE, EMP_NO) VALUES (SEQ_NNO.NEXTVAL,'공지사항 제목입니다28','공지사항 내용입니다28',to_date('09/28/2023', 'MM-DD-RRRR'),29);
--행 29
INSERT INTO NOTICE (NOTICE_NO, NOTICE_TITLE, NOTICE_CONTENT, NOTICE_CREATE_DATE, EMP_NO) VALUES (SEQ_NNO.NEXTVAL,'공지사항 제목입니다29','공지사항 내용입니다29',to_date('09/29/2023', 'MM-DD-RRRR'),30);
--행 30
INSERT INTO NOTICE (NOTICE_NO, NOTICE_TITLE, NOTICE_CONTENT, NOTICE_CREATE_DATE, EMP_NO) VALUES (SEQ_NNO.NEXTVAL,'공지사항 제목입니다30','공지사항 내용입니다30',to_date('09/30/2023', 'MM-DD-RRRR'),31);
--행 31
INSERT INTO NOTICE (NOTICE_NO, NOTICE_TITLE, NOTICE_CONTENT, NOTICE_CREATE_DATE, EMP_NO) VALUES (SEQ_NNO.NEXTVAL,'공지사항 제목입니다31','공지사항 내용입니다31',to_date('10/01/2023', 'MM-DD-RRRR'),32);
--행 32
INSERT INTO NOTICE (NOTICE_NO, NOTICE_TITLE, NOTICE_CONTENT, NOTICE_CREATE_DATE, EMP_NO) VALUES (SEQ_NNO.NEXTVAL,'공지사항 제목입니다32','공지사항 내용입니다32',to_date('10/02/2023', 'MM-DD-RRRR'),33);
--행 33
INSERT INTO NOTICE (NOTICE_NO, NOTICE_TITLE, NOTICE_CONTENT, NOTICE_CREATE_DATE, EMP_NO) VALUES (SEQ_NNO.NEXTVAL,'공지사항 제목입니다33','공지사항 내용입니다33',to_date('10/03/2023', 'MM-DD-RRRR'),34);
--행 34
INSERT INTO NOTICE (NOTICE_NO, NOTICE_TITLE, NOTICE_CONTENT, NOTICE_CREATE_DATE, EMP_NO) VALUES (SEQ_NNO.NEXTVAL,'공지사항 제목입니다34','공지사항 내용입니다34',to_date('10/04/2023', 'MM-DD-RRRR'),35);
--행 35
INSERT INTO NOTICE (NOTICE_NO, NOTICE_TITLE, NOTICE_CONTENT, NOTICE_CREATE_DATE, EMP_NO) VALUES (SEQ_NNO.NEXTVAL,'공지사항 제목입니다35','공지사항 내용입니다35',to_date('10/05/2023', 'MM-DD-RRRR'),36);
--행 36
INSERT INTO NOTICE (NOTICE_NO, NOTICE_TITLE, NOTICE_CONTENT, NOTICE_CREATE_DATE, EMP_NO) VALUES (SEQ_NNO.NEXTVAL,'공지사항 제목입니다36','공지사항 내용입니다36',to_date('10/06/2023', 'MM-DD-RRRR'),37);
--행 37
INSERT INTO NOTICE (NOTICE_NO, NOTICE_TITLE, NOTICE_CONTENT, NOTICE_CREATE_DATE, EMP_NO) VALUES (SEQ_NNO.NEXTVAL,'공지사항 제목입니다37','공지사항 내용입니다37',to_date('10/07/2023', 'MM-DD-RRRR'),38);
--행 38
INSERT INTO NOTICE (NOTICE_NO, NOTICE_TITLE, NOTICE_CONTENT, NOTICE_CREATE_DATE, EMP_NO) VALUES (SEQ_NNO.NEXTVAL,'공지사항 제목입니다38','공지사항 내용입니다38',to_date('10/08/2023', 'MM-DD-RRRR'),39);
--행 39
INSERT INTO NOTICE (NOTICE_NO, NOTICE_TITLE, NOTICE_CONTENT, NOTICE_CREATE_DATE, EMP_NO) VALUES (SEQ_NNO.NEXTVAL,'공지사항 제목입니다39','공지사항 내용입니다39',to_date('10/09/2023', 'MM-DD-RRRR'),40);
--행 40
INSERT INTO NOTICE (NOTICE_NO, NOTICE_TITLE, NOTICE_CONTENT, NOTICE_CREATE_DATE, EMP_NO) VALUES (SEQ_NNO.NEXTVAL,'공지사항 제목입니다40','공지사항 내용입니다40',to_date('10/10/2023', 'MM-DD-RRRR'),41);


------------------------------- NOTICE_ATTACHMENT ------------------------------

--행 1
INSERT INTO NOTICE_ATTACHMENT (NOTICE_FILE_NO, NOTICE_ORIGIN_NAME, NOTICE_CHANGE_NAME, NOTICE_FILE_PATH, NOTICE_FILE_LEVEL, NOTICE_NO) VALUES (SEQ_NANO.NEXTVAL,'공지사항 첨부파일01','2023120512001200000','resource/notice/2023120512001200000.pdf',0,1);
--행 2
INSERT INTO NOTICE_ATTACHMENT (NOTICE_FILE_NO, NOTICE_ORIGIN_NAME, NOTICE_CHANGE_NAME, NOTICE_FILE_PATH, NOTICE_FILE_LEVEL, NOTICE_NO) VALUES (SEQ_NANO.NEXTVAL,'공지사항 첨부파일02','2023120512001200001','resource/notice/2023120512001200001.pdf',0,5);
--행 3
INSERT INTO NOTICE_ATTACHMENT (NOTICE_FILE_NO, NOTICE_ORIGIN_NAME, NOTICE_CHANGE_NAME, NOTICE_FILE_PATH, NOTICE_FILE_LEVEL, NOTICE_NO) VALUES (SEQ_NANO.NEXTVAL,'공지사항 첨부파일03','2023120512001200002','resource/notice/2023120512001200002.pdf',0,8);
--행 4
INSERT INTO NOTICE_ATTACHMENT (NOTICE_FILE_NO, NOTICE_ORIGIN_NAME, NOTICE_CHANGE_NAME, NOTICE_FILE_PATH, NOTICE_FILE_LEVEL, NOTICE_NO) VALUES (SEQ_NANO.NEXTVAL,'공지사항 첨부파일04','2023120512001200003','resource/notice/2023120512001200003.pdf',0,11);
--행 5
INSERT INTO NOTICE_ATTACHMENT (NOTICE_FILE_NO, NOTICE_ORIGIN_NAME, NOTICE_CHANGE_NAME, NOTICE_FILE_PATH, NOTICE_FILE_LEVEL, NOTICE_NO) VALUES (SEQ_NANO.NEXTVAL,'공지사항 첨부파일05','2023120512001200004','resource/notice/2023120512001200004.pdf',0,14);
--행 6
INSERT INTO NOTICE_ATTACHMENT (NOTICE_FILE_NO, NOTICE_ORIGIN_NAME, NOTICE_CHANGE_NAME, NOTICE_FILE_PATH, NOTICE_FILE_LEVEL, NOTICE_NO) VALUES (SEQ_NANO.NEXTVAL,'공지사항 첨부파일06','2023120512001200005','resource/notice/2023120512001200005.pdf',0,17);
--행 7
INSERT INTO NOTICE_ATTACHMENT (NOTICE_FILE_NO, NOTICE_ORIGIN_NAME, NOTICE_CHANGE_NAME, NOTICE_FILE_PATH, NOTICE_FILE_LEVEL, NOTICE_NO) VALUES (SEQ_NANO.NEXTVAL,'공지사항 첨부파일07','2023120512001200006','resource/notice/2023120512001200006.pdf',0,21);
--행 8
INSERT INTO NOTICE_ATTACHMENT (NOTICE_FILE_NO, NOTICE_ORIGIN_NAME, NOTICE_CHANGE_NAME, NOTICE_FILE_PATH, NOTICE_FILE_LEVEL, NOTICE_NO) VALUES (SEQ_NANO.NEXTVAL,'공지사항 첨부파일08','2023120512001200007','resource/notice/2023120512001200007.pdf',0,25);
--행 9
INSERT INTO NOTICE_ATTACHMENT (NOTICE_FILE_NO, NOTICE_ORIGIN_NAME, NOTICE_CHANGE_NAME, NOTICE_FILE_PATH, NOTICE_FILE_LEVEL, NOTICE_NO) VALUES (SEQ_NANO.NEXTVAL,'공지사항 첨부파일09','2023120512001200008','resource/notice/2023120512001200008.pdf',0,27);
--행 10
INSERT INTO NOTICE_ATTACHMENT (NOTICE_FILE_NO, NOTICE_ORIGIN_NAME, NOTICE_CHANGE_NAME, NOTICE_FILE_PATH, NOTICE_FILE_LEVEL, NOTICE_NO) VALUES (SEQ_NANO.NEXTVAL,'공지사항 첨부파일10','2023120512001200009','resource/notice/2023120512001200009.pdf',0,31);

--------------------------------- NOTICE_REPLY ---------------------------------
-- 행1
INSERT INTO NOTICE_REPLY (NOTICE_REPLY_NO, NOTICE_REPLY_CONTENT, EMP_NO, NOTICE_NO)
VALUES (SEQ_NPNO.NEXTVAL, '첫번째댓글입니다', 2, 1);
-- 행2
INSERT INTO NOTICE_REPLY (NOTICE_REPLY_NO, NOTICE_REPLY_CONTENT, EMP_NO, NOTICE_NO)
VALUES (SEQ_NPNO.NEXTVAL, '두번째댓글입니다', 2, 2);
-- 행3
INSERT INTO NOTICE_REPLY (NOTICE_REPLY_NO, NOTICE_REPLY_CONTENT, EMP_NO, NOTICE_NO)
VALUES (SEQ_NPNO.NEXTVAL, '세번째댓글입니다', 3, 3);
-- 행4
INSERT INTO NOTICE_REPLY (NOTICE_REPLY_NO, NOTICE_REPLY_CONTENT, EMP_NO, NOTICE_NO)
VALUES (SEQ_NPNO.NEXTVAL, '네번째댓글입니다', 4, 4);
-- 행5
INSERT INTO NOTICE_REPLY (NOTICE_REPLY_NO, NOTICE_REPLY_CONTENT, EMP_NO, NOTICE_NO)
VALUES (SEQ_NPNO.NEXTVAL, '다섯번째댓글입니다', 5, 5);

-----------------------CLASS_DATA_CATEGORY-----------------------------
INSERT INTO CLASS_DATA_CATEGORY(C_DATA_CATEGORY_NO, C_DATA_CATEGORY_NAME) VALUES (SEQ_CDCNO.NEXTVAL, '자바');
INSERT INTO CLASS_DATA_CATEGORY(C_DATA_CATEGORY_NO, C_DATA_CATEGORY_NAME) VALUES (SEQ_CDCNO.NEXTVAL, '데이터베이스');
INSERT INTO CLASS_DATA_CATEGORY(C_DATA_CATEGORY_NO, C_DATA_CATEGORY_NAME) VALUES (SEQ_CDCNO.NEXTVAL, '자바스크립트');
INSERT INTO CLASS_DATA_CATEGORY(C_DATA_CATEGORY_NO, C_DATA_CATEGORY_NAME) VALUES (SEQ_CDCNO.NEXTVAL, '파이썬');


------------------------------- CLASS_DATA_ROOM --------------------------------
INSERT INTO CLASS_DATA_ROOM(C_DATA_NO, REF_ENO, C_DATA_TITLE, C_DATA_CONTANT, C_DATA_CATEGORY_NO) VALUES (SEQ_CDNO.NEXTVAL, 1,'1_프로그래밍기초', '(1) 프로그램이란 <br> (2) 자바 언어의 특징 <br> (3) 자바개발환경 <br>(4) 첫 번째 자바 프로그램의 작성과 실행', 1);
INSERT INTO CLASS_DATA_ROOM(C_DATA_NO, REF_ENO, C_DATA_TITLE, C_DATA_CONTANT, C_DATA_CATEGORY_NO) VALUES (SEQ_CDNO.NEXTVAL, 1,'2_변수(Variable)', '(1) 변수란 <br> (2) 변수의 특징 <br> (3) 변수 예시 <br>(4) 자바 변수 실제 사용해보기', 2);
INSERT INTO CLASS_DATA_ROOM(C_DATA_NO, REF_ENO, C_DATA_TITLE, C_DATA_CONTANT, C_DATA_CATEGORY_NO) VALUES (SEQ_CDNO.NEXTVAL, 1,'3_연산자(Operator)', '(1) 연산자란 <br> (2) 연산자의 특징 <br> (3)연산자 사용법 <br>(4) 연산자 사용해서 계산기 만들기', 3);
INSERT INTO CLASS_DATA_ROOM(C_DATA_NO, REF_ENO, C_DATA_TITLE, C_DATA_CONTANT,C_DATA_CATEGORY_NO) VALUES (SEQ_CDNO.NEXTVAL, 1,'4_제어문', '(1) 제어문이란 <br> (2) 제어문의 특징 <br> (3) 제어문 사용법 <br>(4) 여러 제어문 사용하기', 4);

------------------------------------ CLASS_ATTACHMENT ------------------------------------
INSERT INTO CLASS_ATTACHMENT(CLASS_FILE_NO, REF_CDNO, CLASS_ORIGIN_NAME, CLASS_CHANGE_NAME, CLASS_FILE_PATH, CLASS_FILE_LEVEL) VALUES (SEQ_CANO.NEXTVAL,1,'1_프로그래밍기초','2023120315001800000.pptx','resources/attacthment/2023120315001800000.pptx', 1);
INSERT INTO CLASS_ATTACHMENT(CLASS_FILE_NO, REF_CDNO, CLASS_ORIGIN_NAME, CLASS_CHANGE_NAME, CLASS_FILE_PATH) VALUES (SEQ_CANO.NEXTVAL,1,'2_변수(Variable)','2023120315001800001.pptx','resources/attacthment/2023120315001800001.pptx');
INSERT INTO CLASS_ATTACHMENT(CLASS_FILE_NO, REF_CDNO, CLASS_ORIGIN_NAME, CLASS_CHANGE_NAME, CLASS_FILE_PATH) VALUES (SEQ_CANO.NEXTVAL,1,'3_연산자(Operator)','2023120315001800002.pptx','resources/attacthment/2023120315001800002.pptx');
INSERT INTO CLASS_ATTACHMENT(CLASS_FILE_NO, REF_CDNO, CLASS_ORIGIN_NAME, CLASS_CHANGE_NAME, CLASS_FILE_PATH) VALUES (SEQ_CANO.NEXTVAL,1,'4_제어문','2023120315001800003.pptx','resources/attacthment/2023120315001800003.pptx');
INSERT INTO CLASS_ATTACHMENT(CLASS_FILE_NO, REF_CDNO, CLASS_ORIGIN_NAME, CLASS_CHANGE_NAME, CLASS_FILE_PATH, CLASS_FILE_LEVEL) VALUES (SEQ_CANO.NEXTVAL, 2,'1_프로그래밍기초','2023120315001800000.pptx','resources/attacthment/2023120315001800000.pptx', 1);
INSERT INTO CLASS_ATTACHMENT(CLASS_FILE_NO, REF_CDNO, CLASS_ORIGIN_NAME, CLASS_CHANGE_NAME, CLASS_FILE_PATH) VALUES (SEQ_CANO.NEXTVAL,2,'2_변수(Variable)','2023120315001800001.pptx','resources/attacthment/2023120315001800001.pptx');
INSERT INTO CLASS_ATTACHMENT(CLASS_FILE_NO, REF_CDNO, CLASS_ORIGIN_NAME, CLASS_CHANGE_NAME, CLASS_FILE_PATH) VALUES (SEQ_CANO.NEXTVAL,2,'3_연산자(Operator)','2023120315001800002.pptx','resources/attacthment/2023120315001800002.pptx');
INSERT INTO CLASS_ATTACHMENT(CLASS_FILE_NO, REF_CDNO, CLASS_ORIGIN_NAME, CLASS_CHANGE_NAME, CLASS_FILE_PATH) VALUES (SEQ_CANO.NEXTVAL,2,'4_제어문','2023120315001800003.pptx','resources/attacthment/2023120315001800003.pptx');
INSERT INTO CLASS_ATTACHMENT(CLASS_FILE_NO, REF_CDNO, CLASS_ORIGIN_NAME, CLASS_CHANGE_NAME, CLASS_FILE_PATH, CLASS_FILE_LEVEL) VALUES (SEQ_CANO.NEXTVAL, 3,'1_프로그래밍기초','2023120315001800000.pptx','resources/attacthment/2023120315001800000.pptx', 1);
INSERT INTO CLASS_ATTACHMENT(CLASS_FILE_NO, REF_CDNO, CLASS_ORIGIN_NAME, CLASS_CHANGE_NAME, CLASS_FILE_PATH) VALUES (SEQ_CANO.NEXTVAL,3,'2_변수(Variable)','2023120315001800001.pptx','resources/attacthment/2023120315001800001.pptx');
INSERT INTO CLASS_ATTACHMENT(CLASS_FILE_NO, REF_CDNO, CLASS_ORIGIN_NAME, CLASS_CHANGE_NAME, CLASS_FILE_PATH) VALUES (SEQ_CANO.NEXTVAL,3,'3_연산자(Operator)','2023120315001800002.pptx','resources/attacthment/2023120315001800002.pptx');
INSERT INTO CLASS_ATTACHMENT(CLASS_FILE_NO, REF_CDNO, CLASS_ORIGIN_NAME, CLASS_CHANGE_NAME, CLASS_FILE_PATH) VALUES (SEQ_CANO.NEXTVAL,3,'4_제어문','2023120315001800003.pptx','resources/attacthment/2023120315001800003.pptx');
INSERT INTO CLASS_ATTACHMENT(CLASS_FILE_NO, REF_CDNO, CLASS_ORIGIN_NAME, CLASS_CHANGE_NAME, CLASS_FILE_PATH, CLASS_FILE_LEVEL) VALUES (SEQ_CANO.NEXTVAL, 3,'1_프로그래밍기초','2023120315001800000.pptx','resources/attacthment/2023120315001800000.pptx', 1);
INSERT INTO CLASS_ATTACHMENT(CLASS_FILE_NO, REF_CDNO, CLASS_ORIGIN_NAME, CLASS_CHANGE_NAME, CLASS_FILE_PATH) VALUES (SEQ_CANO.NEXTVAL,4,'2_변수(Variable)','2023120315001800001.pptx','resources/attacthment/2023120315001800001.pptx');
INSERT INTO CLASS_ATTACHMENT(CLASS_FILE_NO, REF_CDNO, CLASS_ORIGIN_NAME, CLASS_CHANGE_NAME, CLASS_FILE_PATH) VALUES (SEQ_CANO.NEXTVAL,4,'3_연산자(Operator)','2023120315001800002.pptx','resources/attacthment/2023120315001800002.pptx');
INSERT INTO CLASS_ATTACHMENT(CLASS_FILE_NO, REF_CDNO, CLASS_ORIGIN_NAME, CLASS_CHANGE_NAME, CLASS_FILE_PATH) VALUES (SEQ_CANO.NEXTVAL,4,'4_제어문','2023120315001800003.pptx','resources/attacthment/2023120315001800003.pptx');

--------------------------CLASS_DATA_LIKE---------------------------------------
INSERT INTO CLASS_DATA_LIKE (CD_LIKE_NO, CD_LIKE_EMP, CD_LIKE_CDR) VALUES (SEQ_CDLNO.NEXTVAL, 1, 1);
INSERT INTO CLASS_DATA_LIKE (CD_LIKE_NO, CD_LIKE_EMP, CD_LIKE_CDR) VALUES (SEQ_CDLNO.NEXTVAL, 1, 2);
INSERT INTO CLASS_DATA_LIKE (CD_LIKE_NO, CD_LIKE_EMP, CD_LIKE_CDR) VALUES (SEQ_CDLNO.NEXTVAL, 1, 3);
INSERT INTO CLASS_DATA_LIKE (CD_LIKE_NO, CD_LIKE_EMP, CD_LIKE_CDR) VALUES (SEQ_CDLNO.NEXTVAL, 1, 4);

--------------------------------- CLASSROOM ------------------------------------
INSERT INTO CLASSROOM(CLASSROOM_NO, CLASSROOM_CATAGORY_NAME, CLASSROOM_TOTAL_NUMBER) VALUES(SEQ_CLRNO.NEXTVAL, '강의실1', 30);
INSERT INTO CLASSROOM(CLASSROOM_NO, CLASSROOM_CATAGORY_NAME, CLASSROOM_TOTAL_NUMBER) VALUES(SEQ_CLRNO.NEXTVAL, '강의실2', 25);

------------------------------------ CLASS -------------------------------------
INSERT INTO CLASS(CLASS_NO, CLASS_TITLE, EMP_NO, CLASSROOM_NO,CLASS_START_DATE, CLASS_END_DATE) VALUES (SEQ_CNO.NEXTVAL, '공공데이터 활용 JAVA개발자 양성과정', 1, 1,'2023-12-03', '2024-06-04');

--------------------------------- CLASS_PLAN -----------------------------------
INSERT INTO CLASS_PLAN(CLASS_PLAN_NO, CLASS_CONTENT) VALUES (SEQ_CPNO.NEXTVAL, ' 1. Vscode 설정 &#10; 2. html기본 개념 &#10; 3. 태그와 스타일의 기본적인 사용방법 &#10; 4. 박스 관련 속성과 여백 속성 &#10; 5. 폼 요소의 테이블 요소 &#10; 6. 포지션 속성과 레이아웃 정렬 &#10; 7. 웹 폰트 속성과 인터렉션 속성');
INSERT INTO CLASS_PLAN(CLASS_PLAN_NO, CLASS_CONTENT) VALUES (SEQ_CPNO.NEXTVAL, ' 1. Vscode 설정 &#10; 2. html기본 개념 &#10; 3. 태그와 스타일의 기본적인 사용방법 &#10; 4. 박스 관련 속성과 여백 속성 &#10; 5. 폼 요소의 테이블 요소 &#10; 6. 포지션 속성과 레이아웃 정렬 &#10; 7. 웹 폰트 속성과 인터렉션 속성');
INSERT INTO CLASS_PLAN(CLASS_PLAN_NO, CLASS_CONTENT) VALUES (SEQ_CPNO.NEXTVAL, ' 1. Vscode 설정 &#10; 2. html기본 개념 &#10; 3. 태그와 스타일의 기본적인 사용방법 &#10; 4. 박스 관련 속성과 여백 속성 &#10; 5. 폼 요소의 테이블 요소 &#10; 6. 포지션 속성과 레이아웃 정렬 &#10; 7. 웹 폰트 속성과 인터렉션 속성');
INSERT INTO CLASS_PLAN(CLASS_PLAN_NO, CLASS_CONTENT) VALUES (SEQ_CPNO.NEXTVAL, ' 1. Vscode 설정 &#10; 2. html기본 개념 &#10; 3. 태그와 스타일의 기본적인 사용방법 &#10; 4. 박스 관련 속성과 여백 속성 &#10; 5. 폼 요소의 테이블 요소 &#10; 6. 포지션 속성과 레이아웃 정렬 &#10; 7. 웹 폰트 속성과 인터렉션 속성');
INSERT INTO CLASS_PLAN(CLASS_PLAN_NO, CLASS_CONTENT) VALUES (SEQ_CPNO.NEXTVAL, ' 1. Vscode 설정 &#10; 2. html기본 개념 &#10; 3. 태그와 스타일의 기본적인 사용방법 &#10; 4. 박스 관련 속성과 여백 속성 &#10; 5. 폼 요소의 테이블 요소 &#10; 6. 포지션 속성과 레이아웃 정렬 &#10; 7. 웹 폰트 속성과 인터렉션 속성');
INSERT INTO CLASS_PLAN(CLASS_PLAN_NO, CLASS_CONTENT) VALUES (SEQ_CPNO.NEXTVAL, ' 1. Vscode 설정 &#10; 2. html기본 개념 &#10; 3. 태그와 스타일의 기본적인 사용방법 &#10; 4. 박스 관련 속성과 여백 속성 &#10; 5. 폼 요소의 테이블 요소 &#10; 6. 포지션 속성과 레이아웃 정렬 &#10; 7. 웹 폰트 속성과 인터렉션 속성');
INSERT INTO CLASS_PLAN(CLASS_PLAN_NO, CLASS_CONTENT) VALUES (SEQ_CPNO.NEXTVAL, ' 1. Vscode 설정 &#10; 2. html기본 개념 &#10; 3. 태그와 스타일의 기본적인 사용방법 &#10; 4. 박스 관련 속성과 여백 속성 &#10; 5. 폼 요소의 테이블 요소 &#10; 6. 포지션 속성과 레이아웃 정렬 &#10; 7. 웹 폰트 속성과 인터렉션 속성');
INSERT INTO CLASS_PLAN(CLASS_PLAN_NO, CLASS_CONTENT) VALUES (SEQ_CPNO.NEXTVAL, ' 1. Vscode 설정 &#10; 2. html기본 개념 &#10; 3. 태그와 스타일의 기본적인 사용방법 &#10; 4. 박스 관련 속성과 여백 속성 &#10; 5. 폼 요소의 테이블 요소 &#10; 6. 포지션 속성과 레이아웃 정렬 &#10; 7. 웹 폰트 속성과 인터렉션 속성');
INSERT INTO CLASS_PLAN(CLASS_PLAN_NO, CLASS_CONTENT) VALUES (SEQ_CPNO.NEXTVAL, ' 1. Vscode 설정 &#10; 2. html기본 개념 &#10; 3. 태그와 스타일의 기본적인 사용방법 &#10; 4. 박스 관련 속성과 여백 속성 &#10; 5. 폼 요소의 테이블 요소 &#10; 6. 포지션 속성과 레이아웃 정렬 &#10; 7. 웹 폰트 속성과 인터렉션 속성');
INSERT INTO CLASS_PLAN(CLASS_PLAN_NO, CLASS_CONTENT) VALUES (SEQ_CPNO.NEXTVAL, ' 1. Vscode 설정 &#10; 2. html기본 개념 &#10; 3. 태그와 스타일의 기본적인 사용방법 &#10; 4. 박스 관련 속성과 여백 속성 &#10; 5. 폼 요소의 테이블 요소 &#10; 6. 포지션 속성과 레이아웃 정렬 &#10; 7. 웹 폰트 속성과 인터렉션 속성');
INSERT INTO CLASS_PLAN(CLASS_PLAN_NO, CLASS_CONTENT) VALUES (SEQ_CPNO.NEXTVAL, ' 1. Vscode 설정 &#10; 2. html기본 개념 &#10; 3. 태그와 스타일의 기본적인 사용방법 &#10; 4. 박스 관련 속성과 여백 속성 &#10; 5. 폼 요소의 테이블 요소 &#10; 6. 포지션 속성과 레이아웃 정렬 &#10; 7. 웹 폰트 속성과 인터렉션 속성');
INSERT INTO CLASS_PLAN(CLASS_PLAN_NO, CLASS_CONTENT) VALUES (SEQ_CPNO.NEXTVAL, ' 1. Vscode 설정 &#10; 2. html기본 개념 &#10; 3. 태그와 스타일의 기본적인 사용방법 &#10; 4. 박스 관련 속성과 여백 속성 &#10; 5. 폼 요소의 테이블 요소 &#10; 6. 포지션 속성과 레이아웃 정렬 &#10; 7. 웹 폰트 속성과 인터렉션 속성');


---------------------------------- CLASS_WEEK -------------------------------------
INSERT INTO CLASS_WEEK(CLASS_WEEK_NO, CLASS_WEEK, CLASS_NO, CLASS_PLAN_NO) VALUES (SEQ_CWNO.NEXTVAL, '1-2주차', 1, 1);
INSERT INTO CLASS_WEEK(CLASS_WEEK_NO, CLASS_WEEK, CLASS_NO, CLASS_PLAN_NO) VALUES (SEQ_CWNO.NEXTVAL, '3-4주차', 1, 2);
INSERT INTO CLASS_WEEK(CLASS_WEEK_NO, CLASS_WEEK, CLASS_NO, CLASS_PLAN_NO) VALUES (SEQ_CWNO.NEXTVAL, '5-6주차', 1, 3);
INSERT INTO CLASS_WEEK(CLASS_WEEK_NO, CLASS_WEEK, CLASS_NO, CLASS_PLAN_NO) VALUES (SEQ_CWNO.NEXTVAL, '7-8주차', 1, 4);
INSERT INTO CLASS_WEEK(CLASS_WEEK_NO, CLASS_WEEK, CLASS_NO, CLASS_PLAN_NO) VALUES (SEQ_CWNO.NEXTVAL, '9-10주차', 1, 5);
INSERT INTO CLASS_WEEK(CLASS_WEEK_NO, CLASS_WEEK, CLASS_NO, CLASS_PLAN_NO) VALUES (SEQ_CWNO.NEXTVAL, '11-12주차', 1, 6);
INSERT INTO CLASS_WEEK(CLASS_WEEK_NO, CLASS_WEEK, CLASS_NO, CLASS_PLAN_NO) VALUES (SEQ_CWNO.NEXTVAL, '13-14주차', 1, 7);
INSERT INTO CLASS_WEEK(CLASS_WEEK_NO, CLASS_WEEK, CLASS_NO, CLASS_PLAN_NO) VALUES (SEQ_CWNO.NEXTVAL, '15-16주차', 1, 8);
INSERT INTO CLASS_WEEK(CLASS_WEEK_NO, CLASS_WEEK, CLASS_NO, CLASS_PLAN_NO) VALUES (SEQ_CWNO.NEXTVAL, '17-18주차', 1, 9);
INSERT INTO CLASS_WEEK(CLASS_WEEK_NO, CLASS_WEEK, CLASS_NO, CLASS_PLAN_NO) VALUES (SEQ_CWNO.NEXTVAL, '19-20주차', 1, 10);
INSERT INTO CLASS_WEEK(CLASS_WEEK_NO, CLASS_WEEK, CLASS_NO, CLASS_PLAN_NO) VALUES (SEQ_CWNO.NEXTVAL, '21-22주차', 1, 11);
INSERT INTO CLASS_WEEK(CLASS_WEEK_NO, CLASS_WEEK, CLASS_NO, CLASS_PLAN_NO) VALUES (SEQ_CWNO.NEXTVAL, '23-24주차', 1, 12);


---------------------------------- STUDENT -------------------------------------
INSERT INTO STUDENT(STUDENT_NO, CLASS_NO, STUDENT_EMAIL, STUDENT_NAME, STUDENT_PHONE, STUDENT_ADDRESS, STUDENT_BIRTH, STUDENT_GENDER, STUDENT_MEMO, STUDENT_ATTEMDAMCE) 
        VALUES(SEQ_SNO.NEXTVAL, 1, 'sun_dl01@KH.or.kr', '가동일', '01099546325', '경기도 포천시 신북면 양지말길 66-72','2002-12-03', '남', '컴퓨터공학이였던 친구', '출석');
INSERT INTO STUDENT(STUDENT_NO, CLASS_NO, STUDENT_EMAIL, STUDENT_NAME, STUDENT_PHONE, STUDENT_ADDRESS, STUDENT_BIRTH, STUDENT_GENDER, STUDENT_MEMO, STUDENT_ATTEMDAMCE) 
        VALUES(SEQ_SNO.NEXTVAL, 1, 'sun_dl02@KH.or.kr', '기동일', '01099546325', '경기도 포천시 신북면 양지말길 66-72','2002-12-03', '남', '컴퓨터공학이였던 친구', '출석');
INSERT INTO STUDENT(STUDENT_NO, CLASS_NO, STUDENT_EMAIL, STUDENT_NAME, STUDENT_PHONE, STUDENT_ADDRESS, STUDENT_BIRTH, STUDENT_GENDER, STUDENT_MEMO, STUDENT_ATTEMDAMCE) 
        VALUES(SEQ_SNO.NEXTVAL, 1, 'sun_dl03@KH.or.kr', '김동일', '01099546325', '경기도 포천시 신북면 양지말길 66-72','2002-12-03', '남', '컴퓨터공학이였던 친구', '출석');
INSERT INTO STUDENT(STUDENT_NO, CLASS_NO, STUDENT_EMAIL, STUDENT_NAME, STUDENT_PHONE, STUDENT_ADDRESS, STUDENT_BIRTH, STUDENT_GENDER, STUDENT_MEMO, STUDENT_ATTEMDAMCE) 
        VALUES(SEQ_SNO.NEXTVAL, 1, 'sun_dl04@KH.or.kr', '고동일', '01099546325', '경기도 포천시 신북면 양지말길 66-72','2002-12-03', '남', '컴퓨터공학이였던 친구', '출석');
INSERT INTO STUDENT(STUDENT_NO, CLASS_NO, STUDENT_EMAIL, STUDENT_NAME, STUDENT_PHONE, STUDENT_ADDRESS, STUDENT_BIRTH, STUDENT_GENDER, STUDENT_MEMO, STUDENT_ATTEMDAMCE) 
        VALUES(SEQ_SNO.NEXTVAL, 1, 'sun_dl05@KH.or.kr', '구동일', '01099546325', '경기도 포천시 신북면 양지말길 66-72','2002-12-03', '남', '컴퓨터공학이였던 친구', '출석');
INSERT INTO STUDENT(STUDENT_NO, CLASS_NO, STUDENT_EMAIL, STUDENT_NAME, STUDENT_PHONE, STUDENT_ADDRESS, STUDENT_BIRTH, STUDENT_GENDER, STUDENT_MEMO, STUDENT_ATTEMDAMCE) 
        VALUES(SEQ_SNO.NEXTVAL, 1, 'sun_dl06@KH.or.kr', '굴동일', '01099546325', '경기도 포천시 신북면 양지말길 66-72','2002-12-03', '남', '컴퓨터공학이였던 친구', '출석');
INSERT INTO STUDENT(STUDENT_NO, CLASS_NO, STUDENT_EMAIL, STUDENT_NAME, STUDENT_PHONE, STUDENT_ADDRESS, STUDENT_BIRTH, STUDENT_GENDER, STUDENT_MEMO, STUDENT_ATTEMDAMCE) 
        VALUES(SEQ_SNO.NEXTVAL, 1, 'sun_dl07@KH.or.kr', '골동일', '01099546325', '경기도 포천시 신북면 양지말길 66-72','2002-12-03', '남', '컴퓨터공학이였던 친구', '출석');
INSERT INTO STUDENT(STUDENT_NO, CLASS_NO, STUDENT_EMAIL, STUDENT_NAME, STUDENT_PHONE, STUDENT_ADDRESS, STUDENT_BIRTH, STUDENT_GENDER, STUDENT_MEMO, STUDENT_ATTEMDAMCE) 
        VALUES(SEQ_SNO.NEXTVAL, 1, 'sun_dl08@KH.or.kr', '객동일', '01099546325', '경기도 포천시 신북면 양지말길 66-72','2002-12-03', '남', '컴퓨터공학이였던 친구', '출석');
INSERT INTO STUDENT(STUDENT_NO, CLASS_NO, STUDENT_EMAIL, STUDENT_NAME, STUDENT_PHONE, STUDENT_ADDRESS, STUDENT_BIRTH, STUDENT_GENDER, STUDENT_MEMO, STUDENT_ATTEMDAMCE) 
        VALUES(SEQ_SNO.NEXTVAL, 1, 'sun_dl09@KH.or.kr', '갱동일', '01099546325', '경기도 포천시 신북면 양지말길 66-72','2002-12-03', '남', '컴퓨터공학이였던 친구', '출석');
INSERT INTO STUDENT(STUDENT_NO, CLASS_NO, STUDENT_EMAIL, STUDENT_NAME, STUDENT_PHONE, STUDENT_ADDRESS, STUDENT_BIRTH, STUDENT_GENDER, STUDENT_MEMO, STUDENT_ATTEMDAMCE) 
        VALUES(SEQ_SNO.NEXTVAL, 1, 'sun_dl10@KH.or.kr', '강동일', '01099546325', '경기도 포천시 신북면 양지말길 66-72','2002-12-03', '남', '컴퓨터공학이였던 친구', '출석');
INSERT INTO STUDENT(STUDENT_NO, CLASS_NO, STUDENT_EMAIL, STUDENT_NAME, STUDENT_PHONE, STUDENT_ADDRESS, STUDENT_BIRTH, STUDENT_GENDER, STUDENT_MEMO, STUDENT_ATTEMDAMCE) 
        VALUES(SEQ_SNO.NEXTVAL, 1, 'sun_dl11@KH.or.kr', '글동일', '01099546325', '경기도 포천시 신북면 양지말길 66-72','2002-12-03', '남', '컴퓨터공학이였던 친구', '출석');
INSERT INTO STUDENT(STUDENT_NO, CLASS_NO, STUDENT_EMAIL, STUDENT_NAME, STUDENT_PHONE, STUDENT_ADDRESS, STUDENT_BIRTH, STUDENT_GENDER, STUDENT_MEMO, STUDENT_ATTEMDAMCE) 
        VALUES(SEQ_SNO.NEXTVAL, 1, 'sun_dl12@KH.or.kr', '나동일', '01099546325', '경기도 포천시 신북면 양지말길 66-72','2002-12-03', '남', '컴퓨터공학이였던 친구', '출석');
INSERT INTO STUDENT(STUDENT_NO, CLASS_NO, STUDENT_EMAIL, STUDENT_NAME, STUDENT_PHONE, STUDENT_ADDRESS, STUDENT_BIRTH, STUDENT_GENDER, STUDENT_MEMO, STUDENT_ATTEMDAMCE) 
        VALUES(SEQ_SNO.NEXTVAL, 1, 'sun_dl13@KH.or.kr', '니동일', '01099546325', '경기도 포천시 신북면 양지말길 66-72','2002-12-03', '남', '컴퓨터공학이였던 친구', '출석');
INSERT INTO STUDENT(STUDENT_NO, CLASS_NO, STUDENT_EMAIL, STUDENT_NAME, STUDENT_PHONE, STUDENT_ADDRESS, STUDENT_BIRTH, STUDENT_GENDER, STUDENT_MEMO, STUDENT_ATTEMDAMCE) 
        VALUES(SEQ_SNO.NEXTVAL, 1, 'sun_dl14@KH.or.kr', '누동일', '01099546325', '경기도 포천시 신북면 양지말길 66-72','2002-12-03', '남', '컴퓨터공학이였던 친구', '출석');
INSERT INTO STUDENT(STUDENT_NO, CLASS_NO, STUDENT_EMAIL, STUDENT_NAME, STUDENT_PHONE, STUDENT_ADDRESS, STUDENT_BIRTH, STUDENT_GENDER, STUDENT_MEMO, STUDENT_ATTEMDAMCE) 
        VALUES(SEQ_SNO.NEXTVAL, 1, 'sun_dl15@KH.or.kr', '노동일', '01099546325', '경기도 포천시 신북면 양지말길 66-72','2002-12-03', '남', '컴퓨터공학이였던 친구', '출석');
INSERT INTO STUDENT(STUDENT_NO, CLASS_NO, STUDENT_EMAIL, STUDENT_NAME, STUDENT_PHONE, STUDENT_ADDRESS, STUDENT_BIRTH, STUDENT_GENDER, STUDENT_MEMO, STUDENT_ATTEMDAMCE) 
        VALUES(SEQ_SNO.NEXTVAL, 1, 'sun_dl16@KH.or.kr', '눠동일', '01099546325', '경기도 포천시 신북면 양지말길 66-72','2002-12-03', '남', '컴퓨터공학이였던 친구', '출석');
INSERT INTO STUDENT(STUDENT_NO, CLASS_NO, STUDENT_EMAIL, STUDENT_NAME, STUDENT_PHONE, STUDENT_ADDRESS, STUDENT_BIRTH, STUDENT_GENDER, STUDENT_MEMO, STUDENT_ATTEMDAMCE) 
        VALUES(SEQ_SNO.NEXTVAL, 1, 'sun_dl17@KH.or.kr', '내동일', '01099546325', '경기도 포천시 신북면 양지말길 66-72','2002-12-03', '남', '컴퓨터공학이였던 친구', '출석');
INSERT INTO STUDENT(STUDENT_NO, CLASS_NO, STUDENT_EMAIL, STUDENT_NAME, STUDENT_PHONE, STUDENT_ADDRESS, STUDENT_BIRTH, STUDENT_GENDER, STUDENT_MEMO, STUDENT_ATTEMDAMCE) 
        VALUES(SEQ_SNO.NEXTVAL, 1, 'sun_dl18@KH.or.kr', '네동일', '01099546325', '경기도 포천시 신북면 양지말길 66-72','2002-12-03', '남', '컴퓨터공학이였던 친구', '출석');
INSERT INTO STUDENT(STUDENT_NO, CLASS_NO, STUDENT_EMAIL, STUDENT_NAME, STUDENT_PHONE, STUDENT_ADDRESS, STUDENT_BIRTH, STUDENT_GENDER, STUDENT_MEMO, STUDENT_ATTEMDAMCE) 
        VALUES(SEQ_SNO.NEXTVAL, 1, 'sun_dl19@KH.or.kr', '늘동일', '01099546325', '경기도 포천시 신북면 양지말길 66-72','2002-12-03', '남', '컴퓨터공학이였던 친구', '출석');
INSERT INTO STUDENT(STUDENT_NO, CLASS_NO, STUDENT_EMAIL, STUDENT_NAME, STUDENT_PHONE, STUDENT_ADDRESS, STUDENT_BIRTH, STUDENT_GENDER, STUDENT_MEMO, STUDENT_ATTEMDAMCE) 
        VALUES(SEQ_SNO.NEXTVAL, 1, 'sun_dl20@KH.or.kr', '느동일', '01099546325', '경기도 포천시 신북면 양지말길 66-72','2002-12-03', '남', '컴퓨터공학이였던 친구', '출석');
INSERT INTO STUDENT(STUDENT_NO, CLASS_NO, STUDENT_EMAIL, STUDENT_NAME, STUDENT_PHONE, STUDENT_ADDRESS, STUDENT_BIRTH, STUDENT_GENDER, STUDENT_MEMO, STUDENT_ATTEMDAMCE) 
        VALUES(SEQ_SNO.NEXTVAL, 1, 'sun_dl21@KH.or.kr', '다동일', '01099546325', '경기도 포천시 신북면 양지말길 66-72','2002-12-03', '남', '컴퓨터공학이였던 친구', '출석');
INSERT INTO STUDENT(STUDENT_NO, CLASS_NO, STUDENT_EMAIL, STUDENT_NAME, STUDENT_PHONE, STUDENT_ADDRESS, STUDENT_BIRTH, STUDENT_GENDER, STUDENT_MEMO, STUDENT_ATTEMDAMCE) 
        VALUES(SEQ_SNO.NEXTVAL, 1, 'sun_dl22@KH.or.kr', '디동일', '01099546325', '경기도 포천시 신북면 양지말길 66-72','2002-12-03', '남', '컴퓨터공학이였던 친구', '출석');
INSERT INTO STUDENT(STUDENT_NO, CLASS_NO, STUDENT_EMAIL, STUDENT_NAME, STUDENT_PHONE, STUDENT_ADDRESS, STUDENT_BIRTH, STUDENT_GENDER, STUDENT_MEMO, STUDENT_ATTEMDAMCE) 
        VALUES(SEQ_SNO.NEXTVAL, 1, 'sun_al01@KH.or.kr', '도동일', '01099546325', '경기도 포천시 신북면 양지말길 66-72','2002-12-03', '남', '컴퓨터공학이였던 친구', '출석');
INSERT INTO STUDENT(STUDENT_NO, CLASS_NO, STUDENT_EMAIL, STUDENT_NAME, STUDENT_PHONE, STUDENT_ADDRESS, STUDENT_BIRTH, STUDENT_GENDER, STUDENT_MEMO, STUDENT_ATTEMDAMCE) 
        VALUES(SEQ_SNO.NEXTVAL, 1, 'sun_al02@KH.or.kr', '두동일', '01099546325', '경기도 포천시 신북면 양지말길 66-72','2002-12-03', '남', '컴퓨터공학이였던 친구', '출석');
INSERT INTO STUDENT(STUDENT_NO, CLASS_NO, STUDENT_EMAIL, STUDENT_NAME, STUDENT_PHONE, STUDENT_ADDRESS, STUDENT_BIRTH, STUDENT_GENDER, STUDENT_MEMO, STUDENT_ATTEMDAMCE) 
        VALUES(SEQ_SNO.NEXTVAL, 1, 'sun_al03@KH.or.kr', '데동일', '01099546325', '경기도 포천시 신북면 양지말길 66-72','2002-12-03', '남', '컴퓨터공학이였던 친구', '출석');
INSERT INTO STUDENT(STUDENT_NO, CLASS_NO, STUDENT_EMAIL, STUDENT_NAME, STUDENT_PHONE, STUDENT_ADDRESS, STUDENT_BIRTH, STUDENT_GENDER, STUDENT_MEMO, STUDENT_ATTEMDAMCE) 
        VALUES(SEQ_SNO.NEXTVAL, 1, 'sun_al04@KH.or.kr', '대동일', '01099546325', '경기도 포천시 신북면 양지말길 66-72','2002-12-03', '남', '컴퓨터공학이였던 친구', '출석');
INSERT INTO STUDENT(STUDENT_NO, CLASS_NO, STUDENT_EMAIL, STUDENT_NAME, STUDENT_PHONE, STUDENT_ADDRESS, STUDENT_BIRTH, STUDENT_GENDER, STUDENT_MEMO, STUDENT_ATTEMDAMCE) 
        VALUES(SEQ_SNO.NEXTVAL, 1, 'sun_al05@KH.or.kr', '둬동일', '01099546325', '경기도 포천시 신북면 양지말길 66-72','2002-12-03', '남', '컴퓨터공학이였던 친구', '출석');
INSERT INTO STUDENT(STUDENT_NO, CLASS_NO, STUDENT_EMAIL, STUDENT_NAME, STUDENT_PHONE, STUDENT_ADDRESS, STUDENT_BIRTH, STUDENT_GENDER, STUDENT_MEMO, STUDENT_ATTEMDAMCE) 
        VALUES(SEQ_SNO.NEXTVAL, 1, 'sun_al06@KH.or.kr', '닥동일', '01099546325', '경기도 포천시 신북면 양지말길 66-72','2002-12-03', '남', '컴퓨터공학이였던 친구', '출석');
INSERT INTO STUDENT(STUDENT_NO, CLASS_NO, STUDENT_EMAIL, STUDENT_NAME, STUDENT_PHONE, STUDENT_ADDRESS, STUDENT_BIRTH, STUDENT_GENDER, STUDENT_MEMO, STUDENT_ATTEMDAMCE) 
        VALUES(SEQ_SNO.NEXTVAL, 1, 'sun_al07@KH.or.kr', '라동일', '01099546325', '경기도 포천시 신북면 양지말길 66-72','2002-12-03', '남', '컴퓨터공학이였던 친구', '출석');
INSERT INTO STUDENT(STUDENT_NO, CLASS_NO, STUDENT_EMAIL, STUDENT_NAME, STUDENT_PHONE, STUDENT_ADDRESS, STUDENT_BIRTH, STUDENT_GENDER, STUDENT_MEMO, STUDENT_ATTEMDAMCE) 
        VALUES(SEQ_SNO.NEXTVAL, 1, 'sun_ai08@KH.or.kr', '로동일', '01099546325', '경기도 포천시 신북면 양지말길 66-72','2002-12-03', '남', '컴퓨터공학이였던 친구', '출석');
INSERT INTO STUDENT(STUDENT_NO, CLASS_NO, STUDENT_EMAIL, STUDENT_NAME, STUDENT_PHONE, STUDENT_ADDRESS, STUDENT_BIRTH, STUDENT_GENDER, STUDENT_MEMO, STUDENT_ATTEMDAMCE) 
        VALUES(SEQ_SNO.NEXTVAL, 1, 'sun_ai09@KH.or.kr', '릭동일', '01099546325', '경기도 포천시 신북면 양지말길 66-72','2002-12-03', '남', '컴퓨터공학이였던 친구', '출석');
INSERT INTO STUDENT(STUDENT_NO, CLASS_NO, STUDENT_EMAIL, STUDENT_NAME, STUDENT_PHONE, STUDENT_ADDRESS, STUDENT_BIRTH, STUDENT_GENDER, STUDENT_MEMO, STUDENT_ATTEMDAMCE) 
        VALUES(SEQ_SNO.NEXTVAL, 1, 'sun_ai10@KH.or.kr', '리동일', '01099546325', '경기도 포천시 신북면 양지말길 66-72','2002-12-03', '남', '컴퓨터공학이였던 친구', '출석');
INSERT INTO STUDENT(STUDENT_NO, CLASS_NO, STUDENT_EMAIL, STUDENT_NAME, STUDENT_PHONE, STUDENT_ADDRESS, STUDENT_BIRTH, STUDENT_GENDER, STUDENT_MEMO, STUDENT_ATTEMDAMCE) 
        VALUES(SEQ_SNO.NEXTVAL, 1, 'sun_ai11@KH.or.kr', '러동일', '01099546325', '경기도 포천시 신북면 양지말길 66-72','2002-12-03', '남', '컴퓨터공학이였던 친구', '출석');
INSERT INTO STUDENT(STUDENT_NO, CLASS_NO, STUDENT_EMAIL, STUDENT_NAME, STUDENT_PHONE, STUDENT_ADDRESS, STUDENT_BIRTH, STUDENT_GENDER, STUDENT_MEMO, STUDENT_ATTEMDAMCE) 
        VALUES(SEQ_SNO.NEXTVAL, 1, 'sun_ai12@KH.or.kr', '래동일', '01099546325', '경기도 포천시 신북면 양지말길 66-72','2002-12-03', '남', '컴퓨터공학이였던 친구', '출석');
INSERT INTO STUDENT(STUDENT_NO, CLASS_NO, STUDENT_EMAIL, STUDENT_NAME, STUDENT_PHONE, STUDENT_ADDRESS, STUDENT_BIRTH, STUDENT_GENDER, STUDENT_MEMO, STUDENT_ATTEMDAMCE) 
        VALUES(SEQ_SNO.NEXTVAL, 1, 'sun_ai13@KH.or.kr', '마동일', '01099546325', '경기도 포천시 신북면 양지말길 66-72','2002-12-03', '남', '컴퓨터공학이였던 친구', '출석');
INSERT INTO STUDENT(STUDENT_NO, CLASS_NO, STUDENT_EMAIL, STUDENT_NAME, STUDENT_PHONE, STUDENT_ADDRESS, STUDENT_BIRTH, STUDENT_GENDER, STUDENT_MEMO, STUDENT_ATTEMDAMCE) 
        VALUES(SEQ_SNO.NEXTVAL, 1, 'sun_ai14@KH.or.kr', '머동일', '01099546325', '경기도 포천시 신북면 양지말길 66-72','2002-12-03', '남', '컴퓨터공학이였던 친구', '출석');
INSERT INTO STUDENT(STUDENT_NO, CLASS_NO, STUDENT_EMAIL, STUDENT_NAME, STUDENT_PHONE, STUDENT_ADDRESS, STUDENT_BIRTH, STUDENT_GENDER, STUDENT_MEMO, STUDENT_ATTEMDAMCE) 
        VALUES(SEQ_SNO.NEXTVAL, 1, 'sun_ai15@KH.or.kr', '무동일', '01099546325', '경기도 포천시 신북면 양지말길 66-72','2002-12-03', '남', '컴퓨터공학이였던 친구', '출석');
INSERT INTO STUDENT(STUDENT_NO, CLASS_NO, STUDENT_EMAIL, STUDENT_NAME, STUDENT_PHONE, STUDENT_ADDRESS, STUDENT_BIRTH, STUDENT_GENDER, STUDENT_MEMO, STUDENT_ATTEMDAMCE) 
        VALUES(SEQ_SNO.NEXTVAL, 1, 'sun_ai16@KH.or.kr', '모동일', '01099546325', '경기도 포천시 신북면 양지말길 66-72','2002-12-03', '남', '컴퓨터공학이였던 친구', '출석');
INSERT INTO STUDENT(STUDENT_NO, CLASS_NO, STUDENT_EMAIL, STUDENT_NAME, STUDENT_PHONE, STUDENT_ADDRESS, STUDENT_BIRTH, STUDENT_GENDER, STUDENT_MEMO, STUDENT_ATTEMDAMCE) 
        VALUES(SEQ_SNO.NEXTVAL, 1, 'sun_ai17@KH.or.kr', '미동일', '01099546325', '경기도 포천시 신북면 양지말길 66-72','2002-12-03', '남', '컴퓨터공학이였던 친구', '출석');
INSERT INTO STUDENT(STUDENT_NO, CLASS_NO, STUDENT_EMAIL, STUDENT_NAME, STUDENT_PHONE, STUDENT_ADDRESS, STUDENT_BIRTH, STUDENT_GENDER, STUDENT_MEMO, STUDENT_ATTEMDAMCE) 
        VALUES(SEQ_SNO.NEXTVAL, 1, 'sun_ai18@KH.or.kr', '바동일', '01099546325', '경기도 포천시 신북면 양지말길 66-72','2002-12-03', '남', '컴퓨터공학이였던 친구', '출석');
INSERT INTO STUDENT(STUDENT_NO, CLASS_NO, STUDENT_EMAIL, STUDENT_NAME, STUDENT_PHONE, STUDENT_ADDRESS, STUDENT_BIRTH, STUDENT_GENDER, STUDENT_MEMO, STUDENT_ATTEMDAMCE) 
        VALUES(SEQ_SNO.NEXTVAL, 1, 'sun_ai19@KH.or.kr', '버동일', '01099546325', '경기도 포천시 신북면 양지말길 66-72','2002-12-03', '남', '컴퓨터공학이였던 친구', '출석');
INSERT INTO STUDENT(STUDENT_NO, CLASS_NO, STUDENT_EMAIL, STUDENT_NAME, STUDENT_PHONE, STUDENT_ADDRESS, STUDENT_BIRTH, STUDENT_GENDER, STUDENT_MEMO, STUDENT_ATTEMDAMCE) 
        VALUES(SEQ_SNO.NEXTVAL, 1, 'sun_ai20@KH.or.kr', '부동일', '01099546325', '경기도 포천시 신북면 양지말길 66-72','2002-12-03', '남', '컴퓨터공학이였던 친구', '출석');
INSERT INTO STUDENT(STUDENT_NO, CLASS_NO, STUDENT_EMAIL, STUDENT_NAME, STUDENT_PHONE, STUDENT_ADDRESS, STUDENT_BIRTH, STUDENT_GENDER, STUDENT_MEMO, STUDENT_ATTEMDAMCE) 
        VALUES(SEQ_SNO.NEXTVAL, 1, 'sun_ai21@KH.or.kr', '비동일', '01099546325', '경기도 포천시 신북면 양지말길 66-72','2002-12-03', '남', '컴퓨터공학이였던 친구', '출석');
INSERT INTO STUDENT(STUDENT_NO, CLASS_NO, STUDENT_EMAIL, STUDENT_NAME, STUDENT_PHONE, STUDENT_ADDRESS, STUDENT_BIRTH, STUDENT_GENDER, STUDENT_MEMO, STUDENT_ATTEMDAMCE) 
        VALUES(SEQ_SNO.NEXTVAL, 1, 'sun_ai22@KH.or.kr', '아동일', '01099546325', '경기도 포천시 신북면 양지말길 66-72','2002-12-03', '남', '컴퓨터공학이였던 친구', '출석');
INSERT INTO STUDENT(STUDENT_NO, CLASS_NO, STUDENT_EMAIL, STUDENT_NAME, STUDENT_PHONE, STUDENT_ADDRESS, STUDENT_BIRTH, STUDENT_GENDER, STUDENT_MEMO, STUDENT_ATTEMDAMCE) 
        VALUES(SEQ_SNO.NEXTVAL, 1, 'sun_bi01@KH.or.kr', '이동일', '01099546325', '경기도 포천시 신북면 양지말길 66-72','2002-12-03', '남', '컴퓨터공학이였던 친구', '출석');
INSERT INTO STUDENT(STUDENT_NO, CLASS_NO, STUDENT_EMAIL, STUDENT_NAME, STUDENT_PHONE, STUDENT_ADDRESS, STUDENT_BIRTH, STUDENT_GENDER, STUDENT_MEMO, STUDENT_ATTEMDAMCE) 
        VALUES(SEQ_SNO.NEXTVAL, 1, 'sun_bi02@KH.or.kr', '어동일', '01099546325', '경기도 포천시 신북면 양지말길 66-72','2002-12-03', '남', '컴퓨터공학이였던 친구', '출석');
INSERT INTO STUDENT(STUDENT_NO, CLASS_NO, STUDENT_EMAIL, STUDENT_NAME, STUDENT_PHONE, STUDENT_ADDRESS, STUDENT_BIRTH, STUDENT_GENDER, STUDENT_MEMO, STUDENT_ATTEMDAMCE) 
        VALUES(SEQ_SNO.NEXTVAL, 1, 'sun_bi03@KH.or.kr', '오동일', '01099546325', '경기도 포천시 신북면 양지말길 66-72','2002-12-03', '남', '컴퓨터공학이였던 친구', '출석');
INSERT INTO STUDENT(STUDENT_NO, CLASS_NO, STUDENT_EMAIL, STUDENT_NAME, STUDENT_PHONE, STUDENT_ADDRESS, STUDENT_BIRTH, STUDENT_GENDER, STUDENT_MEMO, STUDENT_ATTEMDAMCE) 
        VALUES(SEQ_SNO.NEXTVAL, 1, 'sun_bi04@KH.or.kr', '우동일', '01099546325', '경기도 포천시 신북면 양지말길 66-72','2002-12-03', '남', '컴퓨터공학이였던 친구', '출석');
INSERT INTO STUDENT(STUDENT_NO, CLASS_NO, STUDENT_EMAIL, STUDENT_NAME, STUDENT_PHONE, STUDENT_ADDRESS, STUDENT_BIRTH, STUDENT_GENDER, STUDENT_MEMO, STUDENT_ATTEMDAMCE) 
        VALUES(SEQ_SNO.NEXTVAL, 1, 'sun_bi05@KH.or.kr', '알동일', '01099546325', '경기도 포천시 신북면 양지말길 66-72','2002-12-03', '남', '컴퓨터공학이였던 친구', '출석');
INSERT INTO STUDENT(STUDENT_NO, CLASS_NO, STUDENT_EMAIL, STUDENT_NAME, STUDENT_PHONE, STUDENT_ADDRESS, STUDENT_BIRTH, STUDENT_GENDER, STUDENT_MEMO, STUDENT_ATTEMDAMCE) 
        VALUES(SEQ_SNO.NEXTVAL, 1, 'sun_bi06@KH.or.kr', '일동일', '01099546325', '경기도 포천시 신북면 양지말길 66-72','2002-12-03', '남', '컴퓨터공학이였던 친구', '출석');
INSERT INTO STUDENT(STUDENT_NO, CLASS_NO, STUDENT_EMAIL, STUDENT_NAME, STUDENT_PHONE, STUDENT_ADDRESS, STUDENT_BIRTH, STUDENT_GENDER, STUDENT_MEMO, STUDENT_ATTEMDAMCE) 
        VALUES(SEQ_SNO.NEXTVAL, 1, 'sun_bi07@KH.or.kr', '억동일', '01099546325', '경기도 포천시 신북면 양지말길 66-72','2002-12-03', '남', '컴퓨터공학이였던 친구', '출석');
INSERT INTO STUDENT(STUDENT_NO, CLASS_NO, STUDENT_EMAIL, STUDENT_NAME, STUDENT_PHONE, STUDENT_ADDRESS, STUDENT_BIRTH, STUDENT_GENDER, STUDENT_MEMO, STUDENT_ATTEMDAMCE) 
        VALUES(SEQ_SNO.NEXTVAL, 1, 'sun_bi08@KH.or.kr', '악동일', '01099546325', '경기도 포천시 신북면 양지말길 66-72','2002-12-03', '남', '컴퓨터공학이였던 친구', '출석');
INSERT INTO STUDENT(STUDENT_NO, CLASS_NO, STUDENT_EMAIL, STUDENT_NAME, STUDENT_PHONE, STUDENT_ADDRESS, STUDENT_BIRTH, STUDENT_GENDER, STUDENT_MEMO, STUDENT_ATTEMDAMCE) 
        VALUES(SEQ_SNO.NEXTVAL, 1, 'sun_bi09@KH.or.kr', '애동일', '01099546325', '경기도 포천시 신북면 양지말길 66-72','2002-12-03', '남', '컴퓨터공학이였던 친구', '출석');
INSERT INTO STUDENT(STUDENT_NO, CLASS_NO, STUDENT_EMAIL, STUDENT_NAME, STUDENT_PHONE, STUDENT_ADDRESS, STUDENT_BIRTH, STUDENT_GENDER, STUDENT_MEMO, STUDENT_ATTEMDAMCE) 
        VALUES(SEQ_SNO.NEXTVAL, 1, 'sun_bi10@KH.or.kr', '에동일', '01099546325', '경기도 포천시 신북면 양지말길 66-72','2002-12-03', '남', '컴퓨터공학이였던 친구', '출석');
INSERT INTO STUDENT(STUDENT_NO, CLASS_NO, STUDENT_EMAIL, STUDENT_NAME, STUDENT_PHONE, STUDENT_ADDRESS, STUDENT_BIRTH, STUDENT_GENDER, STUDENT_MEMO, STUDENT_ATTEMDAMCE) 
        VALUES(SEQ_SNO.NEXTVAL, 1, 'sun_bi11@KH.or.kr', '자동일', '01099546325', '경기도 포천시 신북면 양지말길 66-72','2002-12-03', '남', '컴퓨터공학이였던 친구', '출석');
INSERT INTO STUDENT(STUDENT_NO, CLASS_NO, STUDENT_EMAIL, STUDENT_NAME, STUDENT_PHONE, STUDENT_ADDRESS, STUDENT_BIRTH, STUDENT_GENDER, STUDENT_MEMO, STUDENT_ATTEMDAMCE) 
        VALUES(SEQ_SNO.NEXTVAL, 1, 'sun_bi12@KH.or.kr', '저동일', '01099546325', '경기도 포천시 신북면 양지말길 66-72','2002-12-03', '남', '컴퓨터공학이였던 친구', '출석');
INSERT INTO STUDENT(STUDENT_NO, CLASS_NO, STUDENT_EMAIL, STUDENT_NAME, STUDENT_PHONE, STUDENT_ADDRESS, STUDENT_BIRTH, STUDENT_GENDER, STUDENT_MEMO, STUDENT_ATTEMDAMCE) 
        VALUES(SEQ_SNO.NEXTVAL, 1, 'sun_bi13@KH.or.kr', '주동일', '01099546325', '경기도 포천시 신북면 양지말길 66-72','2002-12-03', '남', '컴퓨터공학이였던 친구', '출석');
INSERT INTO STUDENT(STUDENT_NO, CLASS_NO, STUDENT_EMAIL, STUDENT_NAME, STUDENT_PHONE, STUDENT_ADDRESS, STUDENT_BIRTH, STUDENT_GENDER, STUDENT_MEMO, STUDENT_ATTEMDAMCE) 
        VALUES(SEQ_SNO.NEXTVAL, 1, 'sun_bi14@KH.or.kr', '조동일', '01099546325', '경기도 포천시 신북면 양지말길 66-72','2002-12-03', '남', '컴퓨터공학이였던 친구', '출석');
INSERT INTO STUDENT(STUDENT_NO, CLASS_NO, STUDENT_EMAIL, STUDENT_NAME, STUDENT_PHONE, STUDENT_ADDRESS, STUDENT_BIRTH, STUDENT_GENDER, STUDENT_MEMO, STUDENT_ATTEMDAMCE) 
        VALUES(SEQ_SNO.NEXTVAL, 1, 'sun_bi15@KH.or.kr', '차동일', '01099546325', '경기도 포천시 신북면 양지말길 66-72','2002-12-03', '남', '컴퓨터공학이였던 친구', '출석');
INSERT INTO STUDENT(STUDENT_NO, CLASS_NO, STUDENT_EMAIL, STUDENT_NAME, STUDENT_PHONE, STUDENT_ADDRESS, STUDENT_BIRTH, STUDENT_GENDER, STUDENT_MEMO, STUDENT_ATTEMDAMCE) 
        VALUES(SEQ_SNO.NEXTVAL, 1, 'sun_bi16@KH.or.kr', '처동일', '01099546325', '경기도 포천시 신북면 양지말길 66-72','2002-12-03', '남', '컴퓨터공학이였던 친구', '출석');
INSERT INTO STUDENT(STUDENT_NO, CLASS_NO, STUDENT_EMAIL, STUDENT_NAME, STUDENT_PHONE, STUDENT_ADDRESS, STUDENT_BIRTH, STUDENT_GENDER, STUDENT_MEMO, STUDENT_ATTEMDAMCE) 
        VALUES(SEQ_SNO.NEXTVAL, 1, 'sun_bi17@KH.or.kr', '추동일', '01099546325', '경기도 포천시 신북면 양지말길 66-72','2002-12-03', '남', '컴퓨터공학이였던 친구', '출석');
INSERT INTO STUDENT(STUDENT_NO, CLASS_NO, STUDENT_EMAIL, STUDENT_NAME, STUDENT_PHONE, STUDENT_ADDRESS, STUDENT_BIRTH, STUDENT_GENDER, STUDENT_MEMO, STUDENT_ATTEMDAMCE) 
        VALUES(SEQ_SNO.NEXTVAL, 1, 'sun_bi18@KH.or.kr', '초동일', '01099546325', '경기도 포천시 신북면 양지말길 66-72','2002-12-03', '남', '컴퓨터공학이였던 친구', '출석');
INSERT INTO STUDENT(STUDENT_NO, CLASS_NO, STUDENT_EMAIL, STUDENT_NAME, STUDENT_PHONE, STUDENT_ADDRESS, STUDENT_BIRTH, STUDENT_GENDER, STUDENT_MEMO, STUDENT_ATTEMDAMCE) 
        VALUES(SEQ_SNO.NEXTVAL, 1, 'sun_bi19@KH.or.kr', '채동일', '01099546325', '경기도 포천시 신북면 양지말길 66-72','2002-12-03', '남', '컴퓨터공학이였던 친구', '출석');
INSERT INTO STUDENT(STUDENT_NO, CLASS_NO, STUDENT_EMAIL, STUDENT_NAME, STUDENT_PHONE, STUDENT_ADDRESS, STUDENT_BIRTH, STUDENT_GENDER, STUDENT_MEMO, STUDENT_ATTEMDAMCE) 
        VALUES(SEQ_SNO.NEXTVAL, 1, 'sun_bi20@KH.or.kr', '카동일', '01099546325', '경기도 포천시 신북면 양지말길 66-72','2002-12-03', '남', '컴퓨터공학이였던 친구', '출석');
INSERT INTO STUDENT(STUDENT_NO, CLASS_NO, STUDENT_EMAIL, STUDENT_NAME, STUDENT_PHONE, STUDENT_ADDRESS, STUDENT_BIRTH, STUDENT_GENDER, STUDENT_MEMO, STUDENT_ATTEMDAMCE) 
        VALUES(SEQ_SNO.NEXTVAL, 1, 'sun_bi21@KH.or.kr', '커동일', '01099546325', '경기도 포천시 신북면 양지말길 66-72','2002-12-03', '남', '컴퓨터공학이였던 친구', '출석');
INSERT INTO STUDENT(STUDENT_NO, CLASS_NO, STUDENT_EMAIL, STUDENT_NAME, STUDENT_PHONE, STUDENT_ADDRESS, STUDENT_BIRTH, STUDENT_GENDER, STUDENT_MEMO, STUDENT_ATTEMDAMCE) 
        VALUES(SEQ_SNO.NEXTVAL, 1, 'sun_bi22@KH.or.kr', '쿠동일', '01099546325', '경기도 포천시 신북면 양지말길 66-72','2002-12-03', '남', '컴퓨터공학이였던 친구', '출석');
INSERT INTO STUDENT(STUDENT_NO, CLASS_NO, STUDENT_EMAIL, STUDENT_NAME, STUDENT_PHONE, STUDENT_ADDRESS, STUDENT_BIRTH, STUDENT_GENDER, STUDENT_MEMO, STUDENT_ATTEMDAMCE) 
        VALUES(SEQ_SNO.NEXTVAL, 1, 'sun_di01@KH.or.kr', '선동일', '01099546325', '경기도 포천시 신북면 양지말길 66-72','2002-12-03', '남', '컴퓨터공학이였던 친구', '출석');
INSERT INTO STUDENT(STUDENT_NO, CLASS_NO, STUDENT_EMAIL, STUDENT_NAME, STUDENT_PHONE, STUDENT_ADDRESS, STUDENT_BIRTH, STUDENT_GENDER, STUDENT_MEMO, STUDENT_ATTEMDAMCE) 
        VALUES(SEQ_SNO.NEXTVAL, 1, 'sun_di02@KH.or.kr', '선동일', '01099546325', '경기도 포천시 신북면 양지말길 66-72','2002-12-03', '남', '컴퓨터공학이였던 친구', '출석');
INSERT INTO STUDENT(STUDENT_NO, CLASS_NO, STUDENT_EMAIL, STUDENT_NAME, STUDENT_PHONE, STUDENT_ADDRESS, STUDENT_BIRTH, STUDENT_GENDER, STUDENT_MEMO, STUDENT_ATTEMDAMCE) 
        VALUES(SEQ_SNO.NEXTVAL, 1, 'sun_di03@KH.or.kr', '선동일', '01099546325', '경기도 포천시 신북면 양지말길 66-72','2002-12-03', '남', '컴퓨터공학이였던 친구', '출석');
INSERT INTO STUDENT(STUDENT_NO, CLASS_NO, STUDENT_EMAIL, STUDENT_NAME, STUDENT_PHONE, STUDENT_ADDRESS, STUDENT_BIRTH, STUDENT_GENDER, STUDENT_MEMO, STUDENT_ATTEMDAMCE) 
        VALUES(SEQ_SNO.NEXTVAL, 1, 'sun_di04@KH.or.kr', '선동일', '01099546325', '경기도 포천시 신북면 양지말길 66-72','2002-12-03', '남', '컴퓨터공학이였던 친구', '출석');
INSERT INTO STUDENT(STUDENT_NO, CLASS_NO, STUDENT_EMAIL, STUDENT_NAME, STUDENT_PHONE, STUDENT_ADDRESS, STUDENT_BIRTH, STUDENT_GENDER, STUDENT_MEMO, STUDENT_ATTEMDAMCE) 
        VALUES(SEQ_SNO.NEXTVAL, 1, 'sun_di05@KH.or.kr', '선동일', '01099546325', '경기도 포천시 신북면 양지말길 66-72','2002-12-03', '남', '컴퓨터공학이였던 친구', '출석');
INSERT INTO STUDENT(STUDENT_NO, CLASS_NO, STUDENT_EMAIL, STUDENT_NAME, STUDENT_PHONE, STUDENT_ADDRESS, STUDENT_BIRTH, STUDENT_GENDER, STUDENT_MEMO, STUDENT_ATTEMDAMCE) 
        VALUES(SEQ_SNO.NEXTVAL, 1, 'sun_di06@KH.or.kr', '선동일', '01099546325', '경기도 포천시 신북면 양지말길 66-72','2002-12-03', '남', '컴퓨터공학이였던 친구', '출석');
INSERT INTO STUDENT(STUDENT_NO, CLASS_NO, STUDENT_EMAIL, STUDENT_NAME, STUDENT_PHONE, STUDENT_ADDRESS, STUDENT_BIRTH, STUDENT_GENDER, STUDENT_MEMO, STUDENT_ATTEMDAMCE) 
        VALUES(SEQ_SNO.NEXTVAL, 1, 'sun_di07@KH.or.kr', '선동일', '01099546325', '경기도 포천시 신북면 양지말길 66-72','2002-12-03', '남', '컴퓨터공학이였던 친구', '출석');
INSERT INTO STUDENT(STUDENT_NO, CLASS_NO, STUDENT_EMAIL, STUDENT_NAME, STUDENT_PHONE, STUDENT_ADDRESS, STUDENT_BIRTH, STUDENT_GENDER, STUDENT_MEMO, STUDENT_ATTEMDAMCE) 
        VALUES(SEQ_SNO.NEXTVAL, 1, 'sun_di08@KH.or.kr', '선동일', '01099546325', '경기도 포천시 신북면 양지말길 66-72','2002-12-03', '남', '컴퓨터공학이였던 친구', '출석');
INSERT INTO STUDENT(STUDENT_NO, CLASS_NO, STUDENT_EMAIL, STUDENT_NAME, STUDENT_PHONE, STUDENT_ADDRESS, STUDENT_BIRTH, STUDENT_GENDER, STUDENT_MEMO, STUDENT_ATTEMDAMCE) 
        VALUES(SEQ_SNO.NEXTVAL, 1, 'sun_di09@KH.or.kr', '선동일', '01099546325', '경기도 포천시 신북면 양지말길 66-72','2002-12-03', '남', '컴퓨터공학이였던 친구', '출석');
INSERT INTO STUDENT(STUDENT_NO, CLASS_NO, STUDENT_EMAIL, STUDENT_NAME, STUDENT_PHONE, STUDENT_ADDRESS, STUDENT_BIRTH, STUDENT_GENDER, STUDENT_MEMO, STUDENT_ATTEMDAMCE) 
        VALUES(SEQ_SNO.NEXTVAL, 1, 'sun_di10@KH.or.kr', '선동일', '01099546325', '경기도 포천시 신북면 양지말길 66-72','2002-12-03', '남', '컴퓨터공학이였던 친구', '출석');
INSERT INTO STUDENT(STUDENT_NO, CLASS_NO, STUDENT_EMAIL, STUDENT_NAME, STUDENT_PHONE, STUDENT_ADDRESS, STUDENT_BIRTH, STUDENT_GENDER, STUDENT_MEMO, STUDENT_ATTEMDAMCE) 
        VALUES(SEQ_SNO.NEXTVAL, 1, 'sun_di11@KH.or.kr', '선동일', '01099546325', '경기도 포천시 신북면 양지말길 66-72','2002-12-03', '남', '컴퓨터공학이였던 친구', '출석');
INSERT INTO STUDENT(STUDENT_NO, CLASS_NO, STUDENT_EMAIL, STUDENT_NAME, STUDENT_PHONE, STUDENT_ADDRESS, STUDENT_BIRTH, STUDENT_GENDER, STUDENT_MEMO, STUDENT_ATTEMDAMCE) 
        VALUES(SEQ_SNO.NEXTVAL, 1, 'sun_di12@KH.or.kr', '선동일', '01099546325', '경기도 포천시 신북면 양지말길 66-72','2002-12-03', '남', '컴퓨터공학이였던 친구', '출석');
INSERT INTO STUDENT(STUDENT_NO, CLASS_NO, STUDENT_EMAIL, STUDENT_NAME, STUDENT_PHONE, STUDENT_ADDRESS, STUDENT_BIRTH, STUDENT_GENDER, STUDENT_MEMO, STUDENT_ATTEMDAMCE) 
        VALUES(SEQ_SNO.NEXTVAL, 1, 'sun_di13@KH.or.kr', '선동일', '01099546325', '경기도 포천시 신북면 양지말길 66-72','2002-12-03', '남', '컴퓨터공학이였던 친구', '출석');
INSERT INTO STUDENT(STUDENT_NO, CLASS_NO, STUDENT_EMAIL, STUDENT_NAME, STUDENT_PHONE, STUDENT_ADDRESS, STUDENT_BIRTH, STUDENT_GENDER, STUDENT_MEMO, STUDENT_ATTEMDAMCE) 
        VALUES(SEQ_SNO.NEXTVAL, 1, 'sun_di14@KH.or.kr', '선동일', '01099546325', '경기도 포천시 신북면 양지말길 66-72','2002-12-03', '남', '컴퓨터공학이였던 친구', '출석');
INSERT INTO STUDENT(STUDENT_NO, CLASS_NO, STUDENT_EMAIL, STUDENT_NAME, STUDENT_PHONE, STUDENT_ADDRESS, STUDENT_BIRTH, STUDENT_GENDER, STUDENT_MEMO, STUDENT_ATTEMDAMCE) 
        VALUES(SEQ_SNO.NEXTVAL, 1, 'sun_di15@KH.or.kr', '선동일', '01099546325', '경기도 포천시 신북면 양지말길 66-72','2002-12-03', '남', '컴퓨터공학이였던 친구', '출석');
INSERT INTO STUDENT(STUDENT_NO, CLASS_NO, STUDENT_EMAIL, STUDENT_NAME, STUDENT_PHONE, STUDENT_ADDRESS, STUDENT_BIRTH, STUDENT_GENDER, STUDENT_MEMO, STUDENT_ATTEMDAMCE) 
        VALUES(SEQ_SNO.NEXTVAL, 1, 'sun_di16@KH.or.kr', '선동일', '01099546325', '경기도 포천시 신북면 양지말길 66-72','2002-12-03', '남', '컴퓨터공학이였던 친구', '출석');
INSERT INTO STUDENT(STUDENT_NO, CLASS_NO, STUDENT_EMAIL, STUDENT_NAME, STUDENT_PHONE, STUDENT_ADDRESS, STUDENT_BIRTH, STUDENT_GENDER, STUDENT_MEMO, STUDENT_ATTEMDAMCE) 
        VALUES(SEQ_SNO.NEXTVAL, 1, 'sun_di17@KH.or.kr', '선동일', '01099546325', '경기도 포천시 신북면 양지말길 66-72','2002-12-03', '남', '컴퓨터공학이였던 친구', '출석');
INSERT INTO STUDENT(STUDENT_NO, CLASS_NO, STUDENT_EMAIL, STUDENT_NAME, STUDENT_PHONE, STUDENT_ADDRESS, STUDENT_BIRTH, STUDENT_GENDER, STUDENT_MEMO, STUDENT_ATTEMDAMCE) 
        VALUES(SEQ_SNO.NEXTVAL, 1, 'sun_di18@KH.or.kr', '선동일', '01099546325', '경기도 포천시 신북면 양지말길 66-72','2002-12-03', '남', '컴퓨터공학이였던 친구', '출석');
INSERT INTO STUDENT(STUDENT_NO, CLASS_NO, STUDENT_EMAIL, STUDENT_NAME, STUDENT_PHONE, STUDENT_ADDRESS, STUDENT_BIRTH, STUDENT_GENDER, STUDENT_MEMO, STUDENT_ATTEMDAMCE) 
        VALUES(SEQ_SNO.NEXTVAL, 1, 'sun_di19@KH.or.kr', '선동일', '01099546325', '경기도 포천시 신북면 양지말길 66-72','2002-12-03', '남', '컴퓨터공학이였던 친구', '출석');
INSERT INTO STUDENT(STUDENT_NO, CLASS_NO, STUDENT_EMAIL, STUDENT_NAME, STUDENT_PHONE, STUDENT_ADDRESS, STUDENT_BIRTH, STUDENT_GENDER, STUDENT_MEMO, STUDENT_ATTEMDAMCE) 
        VALUES(SEQ_SNO.NEXTVAL, 1, 'sun_di20@KH.or.kr', '선동일', '01099546325', '경기도 포천시 신북면 양지말길 66-72','2002-12-03', '남', '컴퓨터공학이였던 친구', '출석');
INSERT INTO STUDENT(STUDENT_NO, CLASS_NO, STUDENT_EMAIL, STUDENT_NAME, STUDENT_PHONE, STUDENT_ADDRESS, STUDENT_BIRTH, STUDENT_GENDER, STUDENT_MEMO, STUDENT_ATTEMDAMCE) 
        VALUES(SEQ_SNO.NEXTVAL, 1, 'sun_di21@KH.or.kr', '선동일', '01099546325', '경기도 포천시 신북면 양지말길 66-72','2002-12-03', '남', '컴퓨터공학이였던 친구', '출석');
INSERT INTO STUDENT(STUDENT_NO, CLASS_NO, STUDENT_EMAIL, STUDENT_NAME, STUDENT_PHONE, STUDENT_ADDRESS, STUDENT_BIRTH, STUDENT_GENDER, STUDENT_MEMO, STUDENT_ATTEMDAMCE) 
        VALUES(SEQ_SNO.NEXTVAL, 1, 'sun_di22@KH.or.kr', '선동일', '01099546325', '경기도 포천시 신북면 양지말길 66-72','2002-12-03', '남', '컴퓨터공학이였던 친구', '출석');


------------------------------------ STUDENT_ATTENDANCE ------------------------------------
INSERT INTO STUDENT_ATTENDANCE(STT_ATT_GRAPH, STUDENT_NO, STUDENT_ATT_NAME) VALUES (SEQ_SANO.NEXTVAL, 1, '출석');
INSERT INTO STUDENT_ATTENDANCE(STT_ATT_GRAPH, STUDENT_NO, STUDENT_ATT_NAME) VALUES (SEQ_SANO.NEXTVAL, 2, '출석');
INSERT INTO STUDENT_ATTENDANCE(STT_ATT_GRAPH, STUDENT_NO, STUDENT_ATT_NAME) VALUES (SEQ_SANO.NEXTVAL, 3, '출석');
INSERT INTO STUDENT_ATTENDANCE(STT_ATT_GRAPH, STUDENT_NO, STUDENT_ATT_NAME) VALUES (SEQ_SANO.NEXTVAL, 4, '출석');
INSERT INTO STUDENT_ATTENDANCE(STT_ATT_GRAPH, STUDENT_NO, STUDENT_ATT_NAME) VALUES (SEQ_SANO.NEXTVAL, 5, '출석');
INSERT INTO STUDENT_ATTENDANCE(STT_ATT_GRAPH, STUDENT_NO, STUDENT_ATT_NAME) VALUES (SEQ_SANO.NEXTVAL, 6, '출석');
INSERT INTO STUDENT_ATTENDANCE(STT_ATT_GRAPH, STUDENT_NO, STUDENT_ATT_NAME) VALUES (SEQ_SANO.NEXTVAL, 7, '결석');
INSERT INTO STUDENT_ATTENDANCE(STT_ATT_GRAPH, STUDENT_NO, STUDENT_ATT_NAME) VALUES (SEQ_SANO.NEXTVAL, 1, '퇴실');
INSERT INTO STUDENT_ATTENDANCE(STT_ATT_GRAPH, STUDENT_NO, STUDENT_ATT_NAME) VALUES (SEQ_SANO.NEXTVAL, 2, '퇴실');
INSERT INTO STUDENT_ATTENDANCE(STT_ATT_GRAPH, STUDENT_NO, STUDENT_ATT_NAME) VALUES (SEQ_SANO.NEXTVAL, 3, '퇴실');
INSERT INTO STUDENT_ATTENDANCE(STT_ATT_GRAPH, STUDENT_NO, STUDENT_ATT_NAME) VALUES (SEQ_SANO.NEXTVAL, 4, '퇴실');
INSERT INTO STUDENT_ATTENDANCE(STT_ATT_GRAPH, STUDENT_NO, STUDENT_ATT_NAME) VALUES (SEQ_SANO.NEXTVAL, 5, '퇴실');

------------------------------------ ASSETS 자산 ------------------------------------
INSERT INTO ASSETS (ASSETS_NO, ASSETS_NAME) 
VALUES (SEQ_ANO.NEXTVAL,'회의실1');

INSERT INTO ASSETS (ASSETS_NO, ASSETS_NAME) 
VALUES (SEQ_ANO.NEXTVAL,'회의실2');

INSERT INTO ASSETS (ASSETS_NO, ASSETS_NAME) 
VALUES (SEQ_ANO.NEXTVAL,'회의실3');

INSERT INTO ASSETS (ASSETS_NO, ASSETS_NAME) 
VALUES (SEQ_ANO.NEXTVAL,'회의실4');

INSERT INTO ASSETS (ASSETS_NO, ASSETS_NAME) 
VALUES (SEQ_ANO.NEXTVAL,'아반떼 494사 4521');

INSERT INTO ASSETS (ASSETS_NO, ASSETS_NAME) 
VALUES (SEQ_ANO.NEXTVAL,'BMW iX 495사 4522');

INSERT INTO ASSETS (ASSETS_NO, ASSETS_NAME) 
VALUES (SEQ_ANO.NEXTVAL,'모닝 496사 4523');

INSERT INTO ASSETS (ASSETS_NO, ASSETS_NAME) 
VALUES (SEQ_ANO.NEXTVAL,'캐스퍼 497사 4524');

INSERT INTO ASSETS (ASSETS_NO, ASSETS_NAME) 
VALUES (SEQ_ANO.NEXTVAL,'아이패드');

INSERT INTO ASSETS (ASSETS_NO, ASSETS_NAME) 
VALUES (SEQ_ANO.NEXTVAL,'갤럭시북3 PRO');

INSERT INTO ASSETS (ASSETS_NO, ASSETS_NAME) 
VALUES (SEQ_ANO.NEXTVAL,'그램');


COMMIT;